Temperature - (Celsius),Year,Month,Day,Statistics,Country,ISO3
22.3364,1901,Jan,1,Average,El Salvador,SLV
23.0842,1901,Feb,1,Average,El Salvador,SLV
24.3668,1901,Mar,1,Average,El Salvador,SLV
24.918,1901,Apr,1,Average,El Salvador,SLV
24.9237,1901,May,1,Average,El Salvador,SLV
24.2439,1901,Jun,1,Average,El Salvador,SLV
24.2394,1901,Jul,1,Average,El Salvador,SLV
24.068,1901,Aug,1,Average,El Salvador,SLV
23.5726,1901,Sep,1,Average,El Salvador,SLV
23.4659,1901,Oct,1,Average,El Salvador,SLV
22.2034,1901,Nov,1,Average,El Salvador,SLV
22.0481,1901,Dec,1,Average,El Salvador,SLV
21.0841,1902,Jan,1,Average,El Salvador,SLV
22.5842,1902,Feb,1,Average,El Salvador,SLV
25.3988,1902,Mar,1,Average,El Salvador,SLV
24.9723,1902,Apr,1,Average,El Salvador,SLV
25.3713,1902,May,1,Average,El Salvador,SLV
24.0258,1902,Jun,1,Average,El Salvador,SLV
24.6394,1902,Jul,1,Average,El Salvador,SLV
22.8715,1902,Aug,1,Average,El Salvador,SLV
25.0135,1902,Sep,1,Average,El Salvador,SLV
24.0887,1902,Oct,1,Average,El Salvador,SLV
23.6784,1902,Nov,1,Average,El Salvador,SLV
22.4703,1902,Dec,1,Average,El Salvador,SLV
22.9431,1903,Jan,1,Average,El Salvador,SLV
24.8137,1903,Feb,1,Average,El Salvador,SLV
24.9553,1903,Mar,1,Average,El Salvador,SLV
24.6018,1903,Apr,1,Average,El Salvador,SLV
24.2418,1903,May,1,Average,El Salvador,SLV
25.1796,1903,Jun,1,Average,El Salvador,SLV
24.8394,1903,Jul,1,Average,El Salvador,SLV
24.368,1903,Aug,1,Average,El Salvador,SLV
24.6985,1903,Sep,1,Average,El Salvador,SLV
23.1592,1903,Oct,1,Average,El Salvador,SLV
21.8054,1903,Nov,1,Average,El Salvador,SLV
20.7434,1903,Dec,1,Average,El Salvador,SLV
22.425,1904,Jan,1,Average,El Salvador,SLV
23.1728,1904,Feb,1,Average,El Salvador,SLV
24.3077,1904,Mar,1,Average,El Salvador,SLV
25.2723,1904,Apr,1,Average,El Salvador,SLV
24.9827,1904,May,1,Average,El Salvador,SLV
24.1553,1904,Jun,1,Average,El Salvador,SLV
24.2394,1904,Jul,1,Average,El Salvador,SLV
23.8908,1904,Aug,1,Average,El Salvador,SLV
23.5135,1904,Sep,1,Average,El Salvador,SLV
23.2001,1904,Oct,1,Average,El Salvador,SLV
22.4692,1904,Nov,1,Average,El Salvador,SLV
22.3434,1904,Dec,1,Average,El Salvador,SLV
21.8935,1905,Jan,1,Average,El Salvador,SLV
23.2613,1905,Feb,1,Average,El Salvador,SLV
24.4849,1905,Mar,1,Average,El Salvador,SLV
25.1542,1905,Apr,1,Average,El Salvador,SLV
25.4552,1905,May,1,Average,El Salvador,SLV
24.4801,1905,Jun,1,Average,El Salvador,SLV
24.2394,1905,Jul,1,Average,El Salvador,SLV
24.127,1905,Aug,1,Average,El Salvador,SLV
23.7202,1905,Sep,1,Average,El Salvador,SLV
23.584,1905,Oct,1,Average,El Salvador,SLV
22.853,1905,Nov,1,Average,El Salvador,SLV
22.4319,1905,Dec,1,Average,El Salvador,SLV
21.1021,1906,Jan,1,Average,El Salvador,SLV
21.6752,1906,Feb,1,Average,El Salvador,SLV
23.5849,1906,Mar,1,Average,El Salvador,SLV
24.2018,1906,Apr,1,Average,El Salvador,SLV
24.9418,1906,May,1,Average,El Salvador,SLV
23.7553,1906,Jun,1,Average,El Salvador,SLV
24.5394,1906,Jul,1,Average,El Salvador,SLV
23.9384,1906,Aug,1,Average,El Salvador,SLV
24.2161,1906,Sep,1,Average,El Salvador,SLV
23.472,1906,Oct,1,Average,El Salvador,SLV
22.9759,1906,Nov,1,Average,El Salvador,SLV
21.704,1906,Dec,1,Average,El Salvador,SLV
22.9841,1907,Jan,1,Average,El Salvador,SLV
22.6842,1907,Feb,1,Average,El Salvador,SLV
24.3529,1907,Mar,1,Average,El Salvador,SLV
25.0428,1907,Apr,1,Average,El Salvador,SLV
25.0008,1907,May,1,Average,El Salvador,SLV
23.9258,1907,Jun,1,Average,El Salvador,SLV
23.3394,1907,Jul,1,Average,El Salvador,SLV
23.1073,1907,Aug,1,Average,El Salvador,SLV
23.1081,1907,Sep,1,Average,El Salvador,SLV
23.272,1907,Oct,1,Average,El Salvador,SLV
23.2042,1907,Nov,1,Average,El Salvador,SLV
21.8827,1907,Dec,1,Average,El Salvador,SLV
21.3431,1908,Jan,1,Average,El Salvador,SLV
21.9867,1908,Feb,1,Average,El Salvador,SLV
24.4553,1908,Mar,1,Average,El Salvador,SLV
26.3018,1908,Apr,1,Average,El Salvador,SLV
25.8418,1908,May,1,Average,El Salvador,SLV
24.2938,1908,Jun,1,Average,El Salvador,SLV
24.1394,1908,Jul,1,Average,El Salvador,SLV
23.7384,1908,Aug,1,Average,El Salvador,SLV
23.3726,1908,Sep,1,Average,El Salvador,SLV
22.3973,1908,Oct,1,Average,El Salvador,SLV
21.6349,1908,Nov,1,Average,El Salvador,SLV
22.2434,1908,Dec,1,Average,El Salvador,SLV
21.9431,1909,Jan,1,Average,El Salvador,SLV
22.8162,1909,Feb,1,Average,El Salvador,SLV
25.2529,1909,Mar,1,Average,El Salvador,SLV
25.5428,1909,Apr,1,Average,El Salvador,SLV
26.2123,1909,May,1,Average,El Salvador,SLV
23.8553,1909,Jun,1,Average,El Salvador,SLV
24.7394,1909,Jul,1,Average,El Salvador,SLV
24.1295,1909,Aug,1,Average,El Salvador,SLV
23.243,1909,Sep,1,Average,El Salvador,SLV
22.9874,1909,Oct,1,Average,El Salvador,SLV
21.6349,1909,Nov,1,Average,El Salvador,SLV
21.9972,1909,Dec,1,Average,El Salvador,SLV
20.6431,1910,Jan,1,Average,El Salvador,SLV
21.715,1910,Feb,1,Average,El Salvador,SLV
21.7165,1910,Mar,1,Average,El Salvador,SLV
23.2107,1910,Apr,1,Average,El Salvador,SLV
24.1802,1910,May,1,Average,El Salvador,SLV
23.3528,1910,Jun,1,Average,El Salvador,SLV
23.7394,1910,Jul,1,Average,El Salvador,SLV
23.868,1910,Aug,1,Average,El Salvador,SLV
23.243,1910,Sep,1,Average,El Salvador,SLV
22.8592,1910,Oct,1,Average,El Salvador,SLV
21.1759,1910,Nov,1,Average,El Salvador,SLV
19.9729,1910,Dec,1,Average,El Salvador,SLV
22.1234,1911,Jan,1,Average,El Salvador,SLV
22.9842,1911,Feb,1,Average,El Salvador,SLV
24.4284,1911,Mar,1,Average,El Salvador,SLV
25.7453,1911,Apr,1,Average,El Salvador,SLV
22.7495,1911,May,1,Average,El Salvador,SLV
22.7015,1911,Jun,1,Average,El Salvador,SLV
22.3394,1911,Jul,1,Average,El Salvador,SLV
23.7975,1911,Aug,1,Average,El Salvador,SLV
23.6081,1911,Sep,1,Average,El Salvador,SLV
24.1182,1911,Oct,1,Average,El Salvador,SLV
23.6362,1911,Nov,1,Average,El Salvador,SLV
22.6754,1911,Dec,1,Average,El Salvador,SLV
22.5624,1912,Jan,1,Average,El Salvador,SLV
20.901,1912,Feb,1,Average,El Salvador,SLV
25.1015,1912,Mar,1,Average,El Salvador,SLV
26.9018,1912,Apr,1,Average,El Salvador,SLV
25.2303,1912,May,1,Average,El Salvador,SLV
23.6652,1912,Jun,1,Average,El Salvador,SLV
23.9394,1912,Jul,1,Average,El Salvador,SLV
23.8975,1912,Aug,1,Average,El Salvador,SLV
23.3188,1912,Sep,1,Average,El Salvador,SLV
23.5986,1912,Oct,1,Average,El Salvador,SLV
21.4733,1912,Nov,1,Average,El Salvador,SLV
22.7999,1912,Dec,1,Average,El Salvador,SLV
23.4456,1913,Jan,1,Average,El Salvador,SLV
24.7137,1913,Feb,1,Average,El Salvador,SLV
24.7538,1913,Mar,1,Average,El Salvador,SLV
22.5977,1913,Apr,1,Average,El Salvador,SLV
22.9303,1913,May,1,Average,El Salvador,SLV
22.286,1913,Jun,1,Average,El Salvador,SLV
23.6394,1913,Jul,1,Average,El Salvador,SLV
23.7668,1913,Aug,1,Average,El Salvador,SLV
22.8726,1913,Sep,1,Average,El Salvador,SLV
22.7182,1913,Oct,1,Average,El Salvador,SLV
21.7323,1913,Nov,1,Average,El Salvador,SLV
21.7827,1913,Dec,1,Average,El Salvador,SLV
21.5624,1914,Jan,1,Average,El Salvador,SLV
22.9432,1914,Feb,1,Average,El Salvador,SLV
21.9118,1914,Mar,1,Average,El Salvador,SLV
24.448,1914,Apr,1,Average,El Salvador,SLV
23.6402,1914,May,1,Average,El Salvador,SLV
22.9412,1914,Jun,1,Average,El Salvador,SLV
24.5394,1914,Jul,1,Average,El Salvador,SLV
24.4778,1914,Aug,1,Average,El Salvador,SLV
23.1021,1914,Sep,1,Average,El Salvador,SLV
22.9182,1914,Oct,1,Average,El Salvador,SLV
21.9349,1914,Nov,1,Average,El Salvador,SLV
22.9729,1914,Dec,1,Average,El Salvador,SLV
21.9825,1915,Jan,1,Average,El Salvador,SLV
21.9457,1915,Feb,1,Average,El Salvador,SLV
21.3918,1915,Mar,1,Average,El Salvador,SLV
22.6326,1915,Apr,1,Average,El Salvador,SLV
25.788,1915,May,1,Average,El Salvador,SLV
24.8528,1915,Jun,1,Average,El Salvador,SLV
25.0394,1915,Jul,1,Average,El Salvador,SLV
24.4975,1915,Aug,1,Average,El Salvador,SLV
23.8021,1915,Sep,1,Average,El Salvador,SLV
23.3502,1915,Oct,1,Average,El Salvador,SLV
22.7323,1915,Nov,1,Average,El Salvador,SLV
22.5138,1915,Dec,1,Average,El Salvador,SLV
24.0136,1916,Jan,1,Average,El Salvador,SLV
21.6894,1916,Feb,1,Average,El Salvador,SLV
23.0015,1916,Mar,1,Average,El Salvador,SLV
23.8107,1916,Apr,1,Average,El Salvador,SLV
24.4303,1916,May,1,Average,El Salvador,SLV
23.3242,1916,Jun,1,Average,El Salvador,SLV
25.0394,1916,Jul,1,Average,El Salvador,SLV
23.5219,1916,Aug,1,Average,El Salvador,SLV
23.0081,1916,Sep,1,Average,El Salvador,SLV
22.6348,1916,Oct,1,Average,El Salvador,SLV
21.5426,1916,Nov,1,Average,El Salvador,SLV
22.3959,1916,Dec,1,Average,El Salvador,SLV
22.5672,1917,Jan,1,Average,El Salvador,SLV
22.7221,1917,Feb,1,Average,El Salvador,SLV
24.3568,1917,Mar,1,Average,El Salvador,SLV
24.7056,1917,Apr,1,Average,El Salvador,SLV
25.0349,1917,May,1,Average,El Salvador,SLV
23.6652,1917,Jun,1,Average,El Salvador,SLV
24.0112,1917,Jul,1,Average,El Salvador,SLV
23.8592,1917,Aug,1,Average,El Salvador,SLV
23.3502,1917,Sep,1,Average,El Salvador,SLV
23.0071,1917,Oct,1,Average,El Salvador,SLV
22.2034,1917,Nov,1,Average,El Salvador,SLV
21.3812,1917,Dec,1,Average,El Salvador,SLV
21.5889,1918,Jan,1,Average,El Salvador,SLV
23.8484,1918,Feb,1,Average,El Salvador,SLV
24.5094,1918,Mar,1,Average,El Salvador,SLV
25.2427,1918,Apr,1,Average,El Salvador,SLV
24.5485,1918,May,1,Average,El Salvador,SLV
23.3643,1918,Jun,1,Average,El Salvador,SLV
24.5717,1918,Jul,1,Average,El Salvador,SLV
24.0272,1918,Aug,1,Average,El Salvador,SLV
23.6288,1918,Sep,1,Average,El Salvador,SLV
24.396,1918,Oct,1,Average,El Salvador,SLV
22.8623,1918,Nov,1,Average,El Salvador,SLV
22.1542,1918,Dec,1,Average,El Salvador,SLV
21.0784,1919,Jan,1,Average,El Salvador,SLV
23.2662,1919,Feb,1,Average,El Salvador,SLV
24.4905,1919,Mar,1,Average,El Salvador,SLV
24.0636,1919,Apr,1,Average,El Salvador,SLV
24.2605,1919,May,1,Average,El Salvador,SLV
23.1387,1919,Jun,1,Average,El Salvador,SLV
23.9192,1919,Jul,1,Average,El Salvador,SLV
23.994,1919,Aug,1,Average,El Salvador,SLV
23.4311,1919,Sep,1,Average,El Salvador,SLV
23.7038,1919,Oct,1,Average,El Salvador,SLV
23.8567,1919,Nov,1,Average,El Salvador,SLV
22.4076,1919,Dec,1,Average,El Salvador,SLV
22.7925,1920,Jan,1,Average,El Salvador,SLV
22.339,1920,Feb,1,Average,El Salvador,SLV
24.3055,1920,Mar,1,Average,El Salvador,SLV
26.6963,1920,Apr,1,Average,El Salvador,SLV
25.1504,1920,May,1,Average,El Salvador,SLV
23.0014,1920,Jun,1,Average,El Salvador,SLV
23.847,1920,Jul,1,Average,El Salvador,SLV
23.594,1920,Aug,1,Average,El Salvador,SLV
23.4311,1920,Sep,1,Average,El Salvador,SLV
22.9646,1920,Oct,1,Average,El Salvador,SLV
22.061,1920,Nov,1,Average,El Salvador,SLV
21.9372,1920,Dec,1,Average,El Salvador,SLV
21.9899,1921,Jan,1,Average,El Salvador,SLV
22.6656,1921,Feb,1,Average,El Salvador,SLV
24.5415,1921,Mar,1,Average,El Salvador,SLV
24.7813,1921,Apr,1,Average,El Salvador,SLV
22.742,1921,May,1,Average,El Salvador,SLV
23.2867,1921,Jun,1,Average,El Salvador,SLV
23.7394,1921,Jul,1,Average,El Salvador,SLV
23.8451,1921,Aug,1,Average,El Salvador,SLV
23.2796,1921,Sep,1,Average,El Salvador,SLV
23.0531,1921,Oct,1,Average,El Salvador,SLV
23.4348,1921,Nov,1,Average,El Salvador,SLV
22.8023,1921,Dec,1,Average,El Salvador,SLV
23.0307,1922,Jan,1,Average,El Salvador,SLV
23.3833,1922,Feb,1,Average,El Salvador,SLV
25.0067,1922,Mar,1,Average,El Salvador,SLV
26.2544,1922,Apr,1,Average,El Salvador,SLV
24.8371,1922,May,1,Average,El Salvador,SLV
23.77,1922,Jun,1,Average,El Salvador,SLV
24.1148,1922,Jul,1,Average,El Salvador,SLV
24.2953,1922,Aug,1,Average,El Salvador,SLV
23.7291,1922,Sep,1,Average,El Salvador,SLV
23.521,1922,Oct,1,Average,El Salvador,SLV
23.1797,1922,Nov,1,Average,El Salvador,SLV
22.5052,1922,Dec,1,Average,El Salvador,SLV
22.685,1923,Jan,1,Average,El Salvador,SLV
22.9706,1923,Feb,1,Average,El Salvador,SLV
24.5624,1923,Mar,1,Average,El Salvador,SLV
25.2993,1923,Apr,1,Average,El Salvador,SLV
25.1571,1923,May,1,Average,El Salvador,SLV
23.6575,1923,Jun,1,Average,El Salvador,SLV
24.1166,1923,Jul,1,Average,El Salvador,SLV
23.8702,1923,Aug,1,Average,El Salvador,SLV
23.6024,1923,Sep,1,Average,El Salvador,SLV
23.091,1923,Oct,1,Average,El Salvador,SLV
21.8054,1923,Nov,1,Average,El Salvador,SLV
22.8545,1923,Dec,1,Average,El Salvador,SLV
22.5246,1924,Jan,1,Average,El Salvador,SLV
21.2685,1924,Feb,1,Average,El Salvador,SLV
23.7791,1924,Mar,1,Average,El Salvador,SLV
25.4034,1924,Apr,1,Average,El Salvador,SLV
24.7901,1924,May,1,Average,El Salvador,SLV
24.3726,1924,Jun,1,Average,El Salvador,SLV
24.4032,1924,Jul,1,Average,El Salvador,SLV
24.0451,1924,Aug,1,Average,El Salvador,SLV
23.5057,1924,Sep,1,Average,El Salvador,SLV
23.2244,1924,Oct,1,Average,El Salvador,SLV
21.8484,1924,Nov,1,Average,El Salvador,SLV
22.9461,1924,Dec,1,Average,El Salvador,SLV
23.4329,1925,Jan,1,Average,El Salvador,SLV
22.8541,1925,Feb,1,Average,El Salvador,SLV
23.3691,1925,Mar,1,Average,El Salvador,SLV
23.8737,1925,Apr,1,Average,El Salvador,SLV
23.4005,1925,May,1,Average,El Salvador,SLV
23.1355,1925,Jun,1,Average,El Salvador,SLV
23.9118,1925,Jul,1,Average,El Salvador,SLV
24.0836,1925,Aug,1,Average,El Salvador,SLV
23.3884,1925,Sep,1,Average,El Salvador,SLV
24.2355,1925,Oct,1,Average,El Salvador,SLV
23.0528,1925,Nov,1,Average,El Salvador,SLV
22.4581,1925,Dec,1,Average,El Salvador,SLV
22.2899,1926,Jan,1,Average,El Salvador,SLV
22.6706,1926,Feb,1,Average,El Salvador,SLV
24.4139,1926,Mar,1,Average,El Salvador,SLV
24.9424,1926,Apr,1,Average,El Salvador,SLV
24.0856,1926,May,1,Average,El Salvador,SLV
23.7393,1926,Jun,1,Average,El Salvador,SLV
24.7166,1926,Jul,1,Average,El Salvador,SLV
24.0661,1926,Aug,1,Average,El Salvador,SLV
24.0813,1926,Sep,1,Average,El Salvador,SLV
23.9925,1926,Oct,1,Average,El Salvador,SLV
21.7883,1926,Nov,1,Average,El Salvador,SLV
23.1604,1926,Dec,1,Average,El Salvador,SLV
21.6227,1927,Jan,1,Average,El Salvador,SLV
23.7992,1927,Feb,1,Average,El Salvador,SLV
23.9844,1927,Mar,1,Average,El Salvador,SLV
25.0047,1927,Apr,1,Average,El Salvador,SLV
25.719,1927,May,1,Average,El Salvador,SLV
24.4224,1927,Jun,1,Average,El Salvador,SLV
23.8166,1927,Jul,1,Average,El Salvador,SLV
24.3935,1927,Aug,1,Average,El Salvador,SLV
23.7915,1927,Sep,1,Average,El Salvador,SLV
23.3112,1927,Oct,1,Average,El Salvador,SLV
22.5201,1927,Nov,1,Average,El Salvador,SLV
22.5541,1927,Dec,1,Average,El Salvador,SLV
21.541,1928,Jan,1,Average,El Salvador,SLV
23.6778,1928,Feb,1,Average,El Salvador,SLV
24.3249,1928,Mar,1,Average,El Salvador,SLV
24.5696,1928,Apr,1,Average,El Salvador,SLV
23.8646,1928,May,1,Average,El Salvador,SLV
24.8636,1928,Jun,1,Average,El Salvador,SLV
24.2385,1928,Jul,1,Average,El Salvador,SLV
24.302,1928,Aug,1,Average,El Salvador,SLV
24.1978,1928,Sep,1,Average,El Salvador,SLV
24.0645,1928,Oct,1,Average,El Salvador,SLV
22.6051,1928,Nov,1,Average,El Salvador,SLV
21.8397,1928,Dec,1,Average,El Salvador,SLV
23.2244,1929,Jan,1,Average,El Salvador,SLV
24.3734,1929,Feb,1,Average,El Salvador,SLV
25.3793,1929,Mar,1,Average,El Salvador,SLV
26.333,1929,Apr,1,Average,El Salvador,SLV
24.7323,1929,May,1,Average,El Salvador,SLV
23.2055,1929,Jun,1,Average,El Salvador,SLV
23.5963,1929,Jul,1,Average,El Salvador,SLV
23.6935,1929,Aug,1,Average,El Salvador,SLV
23.3999,1929,Sep,1,Average,El Salvador,SLV
23.6316,1929,Oct,1,Average,El Salvador,SLV
23.5078,1929,Nov,1,Average,El Salvador,SLV
21.6254,1929,Dec,1,Average,El Salvador,SLV
22.9247,1930,Jan,1,Average,El Salvador,SLV
22.9812,1930,Feb,1,Average,El Salvador,SLV
23.8553,1930,Mar,1,Average,El Salvador,SLV
23.8272,1930,Apr,1,Average,El Salvador,SLV
25.0358,1930,May,1,Average,El Salvador,SLV
23.303,1930,Jun,1,Average,El Salvador,SLV
23.6145,1930,Jul,1,Average,El Salvador,SLV
24.2049,1930,Aug,1,Average,El Salvador,SLV
23.7999,1930,Sep,1,Average,El Salvador,SLV
23.7837,1930,Oct,1,Average,El Salvador,SLV
22.3128,1930,Nov,1,Average,El Salvador,SLV
21.3205,1930,Dec,1,Average,El Salvador,SLV
22.4789,1931,Jan,1,Average,El Salvador,SLV
23.316,1931,Feb,1,Average,El Salvador,SLV
24.1926,1931,Mar,1,Average,El Salvador,SLV
24.9653,1931,Apr,1,Average,El Salvador,SLV
24.4772,1931,May,1,Average,El Salvador,SLV
23.9565,1931,Jun,1,Average,El Salvador,SLV
24.0394,1931,Jul,1,Average,El Salvador,SLV
24.3676,1931,Aug,1,Average,El Salvador,SLV
24.0722,1931,Sep,1,Average,El Salvador,SLV
23.7807,1931,Oct,1,Average,El Salvador,SLV
22.1054,1931,Nov,1,Average,El Salvador,SLV
23.2702,1931,Dec,1,Average,El Salvador,SLV
23.6,1932,Jan,1,Average,El Salvador,SLV
23.8973,1932,Feb,1,Average,El Salvador,SLV
24.2531,1932,Mar,1,Average,El Salvador,SLV
24.8285,1932,Apr,1,Average,El Salvador,SLV
25.0787,1932,May,1,Average,El Salvador,SLV
23.7235,1932,Jun,1,Average,El Salvador,SLV
24.0152,1932,Jul,1,Average,El Salvador,SLV
24.1332,1932,Aug,1,Average,El Salvador,SLV
24.274,1932,Sep,1,Average,El Salvador,SLV
23.5929,1932,Oct,1,Average,El Salvador,SLV
21.4054,1932,Nov,1,Average,El Salvador,SLV
22.7415,1932,Dec,1,Average,El Salvador,SLV
23.2127,1933,Jan,1,Average,El Salvador,SLV
24.1013,1933,Feb,1,Average,El Salvador,SLV
24.2823,1933,Mar,1,Average,El Salvador,SLV
26.1698,1933,Apr,1,Average,El Salvador,SLV
25.1022,1933,May,1,Average,El Salvador,SLV
23.8255,1933,Jun,1,Average,El Salvador,SLV
24.0413,1933,Jul,1,Average,El Salvador,SLV
23.7297,1933,Aug,1,Average,El Salvador,SLV
23.272,1933,Sep,1,Average,El Salvador,SLV
23.2563,1933,Oct,1,Average,El Salvador,SLV
21.5326,1933,Nov,1,Average,El Salvador,SLV
21.8665,1933,Dec,1,Average,El Salvador,SLV
22.9009,1934,Jan,1,Average,El Salvador,SLV
22.7432,1934,Feb,1,Average,El Salvador,SLV
23.1493,1934,Mar,1,Average,El Salvador,SLV
25.3049,1934,Apr,1,Average,El Salvador,SLV
24.3248,1934,May,1,Average,El Salvador,SLV
23.5043,1934,Jun,1,Average,El Salvador,SLV
24.0394,1934,Jul,1,Average,El Salvador,SLV
24.493,1934,Aug,1,Average,El Salvador,SLV
23.8566,1934,Sep,1,Average,El Salvador,SLV
23.476,1934,Oct,1,Average,El Salvador,SLV
22.8496,1934,Nov,1,Average,El Salvador,SLV
22.7165,1934,Dec,1,Average,El Salvador,SLV
21.814,1935,Jan,1,Average,El Salvador,SLV
21.9089,1935,Feb,1,Average,El Salvador,SLV
24.2651,1935,Mar,1,Average,El Salvador,SLV
25.5322,1935,Apr,1,Average,El Salvador,SLV
25.0564,1935,May,1,Average,El Salvador,SLV
23.9432,1935,Jun,1,Average,El Salvador,SLV
24.2516,1935,Jul,1,Average,El Salvador,SLV
23.96,1935,Aug,1,Average,El Salvador,SLV
23.9598,1935,Sep,1,Average,El Salvador,SLV
23.3869,1935,Oct,1,Average,El Salvador,SLV
22.4011,1935,Nov,1,Average,El Salvador,SLV
22.3011,1935,Dec,1,Average,El Salvador,SLV
23.8257,1936,Jan,1,Average,El Salvador,SLV
24.31,1936,Feb,1,Average,El Salvador,SLV
25.3617,1936,Mar,1,Average,El Salvador,SLV
25.3684,1936,Apr,1,Average,El Salvador,SLV
24.7071,1936,May,1,Average,El Salvador,SLV
24.1263,1936,Jun,1,Average,El Salvador,SLV
24.2315,1936,Jul,1,Average,El Salvador,SLV
24.5915,1936,Aug,1,Average,El Salvador,SLV
23.8365,1936,Sep,1,Average,El Salvador,SLV
23.9684,1936,Oct,1,Average,El Salvador,SLV
23.1546,1936,Nov,1,Average,El Salvador,SLV
22.2434,1936,Dec,1,Average,El Salvador,SLV
24.3009,1937,Jan,1,Average,El Salvador,SLV
24.1137,1937,Feb,1,Average,El Salvador,SLV
24.9448,1937,Mar,1,Average,El Salvador,SLV
25.6301,1937,Apr,1,Average,El Salvador,SLV
24.827,1937,May,1,Average,El Salvador,SLV
24.1453,1937,Jun,1,Average,El Salvador,SLV
24.3315,1937,Jul,1,Average,El Salvador,SLV
24.068,1937,Aug,1,Average,El Salvador,SLV
23.244,1937,Sep,1,Average,El Salvador,SLV
22.9657,1937,Oct,1,Average,El Salvador,SLV
21.5039,1937,Nov,1,Average,El Salvador,SLV
22.1212,1937,Dec,1,Average,El Salvador,SLV
22.2136,1938,Jan,1,Average,El Salvador,SLV
22.5664,1938,Feb,1,Average,El Salvador,SLV
24.4432,1938,Mar,1,Average,El Salvador,SLV
23.8945,1938,Apr,1,Average,El Salvador,SLV
24.4566,1938,May,1,Average,El Salvador,SLV
23.3258,1938,Jun,1,Average,El Salvador,SLV
23.6522,1938,Jul,1,Average,El Salvador,SLV
23.668,1938,Aug,1,Average,El Salvador,SLV
23.2819,1938,Sep,1,Average,El Salvador,SLV
22.5815,1938,Oct,1,Average,El Salvador,SLV
22.2646,1938,Nov,1,Average,El Salvador,SLV
21.2251,1938,Dec,1,Average,El Salvador,SLV
22.7983,1939,Jan,1,Average,El Salvador,SLV
23.2828,1939,Feb,1,Average,El Salvador,SLV
23.5699,1939,Mar,1,Average,El Salvador,SLV
24.9572,1939,Apr,1,Average,El Salvador,SLV
24.7911,1939,May,1,Average,El Salvador,SLV
23.5267,1939,Jun,1,Average,El Salvador,SLV
24.0394,1939,Jul,1,Average,El Salvador,SLV
24.0275,1939,Aug,1,Average,El Salvador,SLV
22.8421,1939,Sep,1,Average,El Salvador,SLV
23.4537,1939,Oct,1,Average,El Salvador,SLV
21.6238,1939,Nov,1,Average,El Salvador,SLV
23.1591,1939,Dec,1,Average,El Salvador,SLV
21.89,1940,Jan,1,Average,El Salvador,SLV
21.846,1940,Feb,1,Average,El Salvador,SLV
24.3335,1940,Mar,1,Average,El Salvador,SLV
24.566,1940,Apr,1,Average,El Salvador,SLV
24.5815,1940,May,1,Average,El Salvador,SLV
23.549,1940,Jun,1,Average,El Salvador,SLV
24.4394,1940,Jul,1,Average,El Salvador,SLV
24.5367,1940,Aug,1,Average,El Salvador,SLV
23.9485,1940,Sep,1,Average,El Salvador,SLV
22.7963,1940,Oct,1,Average,El Salvador,SLV
22.5054,1940,Nov,1,Average,El Salvador,SLV
22.2231,1940,Dec,1,Average,El Salvador,SLV
22.0251,1941,Jan,1,Average,El Salvador,SLV
22.5993,1941,Feb,1,Average,El Salvador,SLV
24.0046,1941,Mar,1,Average,El Salvador,SLV
25.5523,1941,Apr,1,Average,El Salvador,SLV
24.2339,1941,May,1,Average,El Salvador,SLV
24.4609,1941,Jun,1,Average,El Salvador,SLV
24.1413,1941,Jul,1,Average,El Salvador,SLV
24.4467,1941,Aug,1,Average,El Salvador,SLV
23.316,1941,Sep,1,Average,El Salvador,SLV
23.0373,1941,Oct,1,Average,El Salvador,SLV
21.9449,1941,Nov,1,Average,El Salvador,SLV
22.5719,1941,Dec,1,Average,El Salvador,SLV
21.2997,1942,Jan,1,Average,El Salvador,SLV
23.3029,1942,Feb,1,Average,El Salvador,SLV
23.8057,1942,Mar,1,Average,El Salvador,SLV
24.9884,1942,Apr,1,Average,El Salvador,SLV
25.5337,1942,May,1,Average,El Salvador,SLV
23.8713,1942,Jun,1,Average,El Salvador,SLV
23.8729,1942,Jul,1,Average,El Salvador,SLV
23.492,1942,Aug,1,Average,El Salvador,SLV
22.9074,1942,Sep,1,Average,El Salvador,SLV
22.8993,1942,Oct,1,Average,El Salvador,SLV
22.0572,1942,Nov,1,Average,El Salvador,SLV
22.4787,1942,Dec,1,Average,El Salvador,SLV
22.3192,1943,Jan,1,Average,El Salvador,SLV
21.3262,1943,Feb,1,Average,El Salvador,SLV
23.0785,1943,Mar,1,Average,El Salvador,SLV
23.906,1943,Apr,1,Average,El Salvador,SLV
24.2366,1943,May,1,Average,El Salvador,SLV
23.1539,1943,Jun,1,Average,El Salvador,SLV
23.7404,1943,Jul,1,Average,El Salvador,SLV
23.866,1943,Aug,1,Average,El Salvador,SLV
23.3922,1943,Sep,1,Average,El Salvador,SLV
22.2903,1943,Oct,1,Average,El Salvador,SLV
21.0366,1943,Nov,1,Average,El Salvador,SLV
21.3446,1943,Dec,1,Average,El Salvador,SLV
21.3267,1944,Jan,1,Average,El Salvador,SLV
23.5195,1944,Feb,1,Average,El Salvador,SLV
24.5083,1944,Mar,1,Average,El Salvador,SLV
25.1916,1944,Apr,1,Average,El Salvador,SLV
24.4463,1944,May,1,Average,El Salvador,SLV
23.2941,1944,Jun,1,Average,El Salvador,SLV
24.4443,1944,Jul,1,Average,El Salvador,SLV
23.6558,1944,Aug,1,Average,El Salvador,SLV
23.285,1944,Sep,1,Average,El Salvador,SLV
22.0132,1944,Oct,1,Average,El Salvador,SLV
22.4315,1944,Nov,1,Average,El Salvador,SLV
21.0947,1944,Dec,1,Average,El Salvador,SLV
22.2343,1945,Jan,1,Average,El Salvador,SLV
23.7448,1945,Feb,1,Average,El Salvador,SLV
24.7067,1945,Mar,1,Average,El Salvador,SLV
25.0685,1945,Apr,1,Average,El Salvador,SLV
24.2621,1945,May,1,Average,El Salvador,SLV
23.9738,1945,Jun,1,Average,El Salvador,SLV
24.2911,1945,Jul,1,Average,El Salvador,SLV
23.6701,1945,Aug,1,Average,El Salvador,SLV
23.2602,1945,Sep,1,Average,El Salvador,SLV
23.0111,1945,Oct,1,Average,El Salvador,SLV
22.012,1945,Nov,1,Average,El Salvador,SLV
22.1817,1945,Dec,1,Average,El Salvador,SLV
23.1232,1946,Jan,1,Average,El Salvador,SLV
23.3901,1946,Feb,1,Average,El Salvador,SLV
23.9027,1946,Mar,1,Average,El Salvador,SLV
24.6744,1946,Apr,1,Average,El Salvador,SLV
25.3418,1946,May,1,Average,El Salvador,SLV
23.6258,1946,Jun,1,Average,El Salvador,SLV
23.7533,1946,Jul,1,Average,El Salvador,SLV
23.6683,1946,Aug,1,Average,El Salvador,SLV
23.1173,1946,Sep,1,Average,El Salvador,SLV
22.7139,1946,Oct,1,Average,El Salvador,SLV
23.0741,1946,Nov,1,Average,El Salvador,SLV
22.1067,1946,Dec,1,Average,El Salvador,SLV
23.546,1947,Jan,1,Average,El Salvador,SLV
22.3855,1947,Feb,1,Average,El Salvador,SLV
24.3572,1947,Mar,1,Average,El Salvador,SLV
25.5008,1947,Apr,1,Average,El Salvador,SLV
24.4316,1947,May,1,Average,El Salvador,SLV
23.6205,1947,Jun,1,Average,El Salvador,SLV
23.8347,1947,Jul,1,Average,El Salvador,SLV
23.4167,1947,Aug,1,Average,El Salvador,SLV
23.2392,1947,Sep,1,Average,El Salvador,SLV
23.6632,1947,Oct,1,Average,El Salvador,SLV
23.6018,1947,Nov,1,Average,El Salvador,SLV
22.1393,1947,Dec,1,Average,El Salvador,SLV
22.2127,1948,Jan,1,Average,El Salvador,SLV
23.3104,1948,Feb,1,Average,El Salvador,SLV
24.4279,1948,Mar,1,Average,El Salvador,SLV
24.1511,1948,Apr,1,Average,El Salvador,SLV
24.1706,1948,May,1,Average,El Salvador,SLV
23.4536,1948,Jun,1,Average,El Salvador,SLV
23.673,1948,Jul,1,Average,El Salvador,SLV
24.0693,1948,Aug,1,Average,El Salvador,SLV
23.437,1948,Sep,1,Average,El Salvador,SLV
23.0819,1948,Oct,1,Average,El Salvador,SLV
23.2076,1948,Nov,1,Average,El Salvador,SLV
22.1538,1948,Dec,1,Average,El Salvador,SLV
22.5345,1949,Jan,1,Average,El Salvador,SLV
22.6735,1949,Feb,1,Average,El Salvador,SLV
24.1431,1949,Mar,1,Average,El Salvador,SLV
25.2382,1949,Apr,1,Average,El Salvador,SLV
24.6393,1949,May,1,Average,El Salvador,SLV
23.9498,1949,Jun,1,Average,El Salvador,SLV
24.2634,1949,Jul,1,Average,El Salvador,SLV
23.9045,1949,Aug,1,Average,El Salvador,SLV
23.1274,1949,Sep,1,Average,El Salvador,SLV
23.1323,1949,Oct,1,Average,El Salvador,SLV
20.6794,1949,Nov,1,Average,El Salvador,SLV
21.354,1949,Dec,1,Average,El Salvador,SLV
22.4179,1950,Jan,1,Average,El Salvador,SLV
22.2,1950,Feb,1,Average,El Salvador,SLV
23.4611,1950,Mar,1,Average,El Salvador,SLV
23.6741,1950,Apr,1,Average,El Salvador,SLV
24.2316,1950,May,1,Average,El Salvador,SLV
23.2338,1950,Jun,1,Average,El Salvador,SLV
23.5426,1950,Jul,1,Average,El Salvador,SLV
23.468,1950,Aug,1,Average,El Salvador,SLV
23.4344,1950,Sep,1,Average,El Salvador,SLV
22.7878,1950,Oct,1,Average,El Salvador,SLV
21.1764,1950,Nov,1,Average,El Salvador,SLV
20.7447,1950,Dec,1,Average,El Salvador,SLV
22.1949,1951,Jan,1,Average,El Salvador,SLV
21.8048,1951,Feb,1,Average,El Salvador,SLV
23.7405,1951,Mar,1,Average,El Salvador,SLV
25.0958,1951,Apr,1,Average,El Salvador,SLV
24.4094,1951,May,1,Average,El Salvador,SLV
24.2616,1951,Jun,1,Average,El Salvador,SLV
24.1217,1951,Jul,1,Average,El Salvador,SLV
24.5438,1951,Aug,1,Average,El Salvador,SLV
23.8546,1951,Sep,1,Average,El Salvador,SLV
23.254,1951,Oct,1,Average,El Salvador,SLV
22.5707,1951,Nov,1,Average,El Salvador,SLV
22.7492,1951,Dec,1,Average,El Salvador,SLV
22.8284,1952,Jan,1,Average,El Salvador,SLV
23.036,1952,Feb,1,Average,El Salvador,SLV
24.6472,1952,Mar,1,Average,El Salvador,SLV
25.0558,1952,Apr,1,Average,El Salvador,SLV
24.2418,1952,May,1,Average,El Salvador,SLV
24.0626,1952,Jun,1,Average,El Salvador,SLV
23.6613,1952,Jul,1,Average,El Salvador,SLV
24.2928,1952,Aug,1,Average,El Salvador,SLV
24.1825,1952,Sep,1,Average,El Salvador,SLV
22.4583,1952,Oct,1,Average,El Salvador,SLV
23.4352,1952,Nov,1,Average,El Salvador,SLV
21.9707,1952,Dec,1,Average,El Salvador,SLV
22.0583,1953,Jan,1,Average,El Salvador,SLV
22.9938,1953,Feb,1,Average,El Salvador,SLV
24.3206,1953,Mar,1,Average,El Salvador,SLV
26.1426,1953,Apr,1,Average,El Salvador,SLV
24.9556,1953,May,1,Average,El Salvador,SLV
24.7239,1953,Jun,1,Average,El Salvador,SLV
24.2455,1953,Jul,1,Average,El Salvador,SLV
24.2848,1953,Aug,1,Average,El Salvador,SLV
24.0677,1953,Sep,1,Average,El Salvador,SLV
22.972,1953,Oct,1,Average,El Salvador,SLV
22.4054,1953,Nov,1,Average,El Salvador,SLV
22.5672,1953,Dec,1,Average,El Salvador,SLV
22.6136,1954,Jan,1,Average,El Salvador,SLV
22.2823,1954,Feb,1,Average,El Salvador,SLV
24.2544,1954,Mar,1,Average,El Salvador,SLV
24.7771,1954,Apr,1,Average,El Salvador,SLV
24.0973,1954,May,1,Average,El Salvador,SLV
23.5549,1954,Jun,1,Average,El Salvador,SLV
23.6476,1954,Jul,1,Average,El Salvador,SLV
23.868,1954,Aug,1,Average,El Salvador,SLV
23.2704,1954,Sep,1,Average,El Salvador,SLV
22.1374,1954,Oct,1,Average,El Salvador,SLV
22.741,1954,Nov,1,Average,El Salvador,SLV
21.3575,1954,Dec,1,Average,El Salvador,SLV
22.0383,1955,Jan,1,Average,El Salvador,SLV
22.5147,1955,Feb,1,Average,El Salvador,SLV
23.7912,1955,Mar,1,Average,El Salvador,SLV
24.8032,1955,Apr,1,Average,El Salvador,SLV
24.5576,1955,May,1,Average,El Salvador,SLV
24.5182,1955,Jun,1,Average,El Salvador,SLV
23.3392,1955,Jul,1,Average,El Salvador,SLV
23.8629,1955,Aug,1,Average,El Salvador,SLV
23.2069,1955,Sep,1,Average,El Salvador,SLV
22.4995,1955,Oct,1,Average,El Salvador,SLV
22.6139,1955,Nov,1,Average,El Salvador,SLV
21.8757,1955,Dec,1,Average,El Salvador,SLV
21.8011,1956,Jan,1,Average,El Salvador,SLV
23.3176,1956,Feb,1,Average,El Salvador,SLV
24.0574,1956,Mar,1,Average,El Salvador,SLV
25.2025,1956,Apr,1,Average,El Salvador,SLV
24.052,1956,May,1,Average,El Salvador,SLV
23.1453,1956,Jun,1,Average,El Salvador,SLV
23.5036,1956,Jul,1,Average,El Salvador,SLV
23.9577,1956,Aug,1,Average,El Salvador,SLV
23.3691,1956,Sep,1,Average,El Salvador,SLV
23.2642,1956,Oct,1,Average,El Salvador,SLV
21.7054,1956,Nov,1,Average,El Salvador,SLV
22.1296,1956,Dec,1,Average,El Salvador,SLV
22.7003,1957,Jan,1,Average,El Salvador,SLV
23.4239,1957,Feb,1,Average,El Salvador,SLV
24.6166,1957,Mar,1,Average,El Salvador,SLV
25.3304,1957,Apr,1,Average,El Salvador,SLV
25.3605,1957,May,1,Average,El Salvador,SLV
24.5037,1957,Jun,1,Average,El Salvador,SLV
24.3195,1957,Jul,1,Average,El Salvador,SLV
24.2221,1957,Aug,1,Average,El Salvador,SLV
23.7282,1957,Sep,1,Average,El Salvador,SLV
22.9978,1957,Oct,1,Average,El Salvador,SLV
23.0403,1957,Nov,1,Average,El Salvador,SLV
21.8092,1957,Dec,1,Average,El Salvador,SLV
22.2184,1958,Jan,1,Average,El Salvador,SLV
22.978,1958,Feb,1,Average,El Salvador,SLV
25.7171,1958,Mar,1,Average,El Salvador,SLV
26.3871,1958,Apr,1,Average,El Salvador,SLV
25.4491,1958,May,1,Average,El Salvador,SLV
24.5427,1958,Jun,1,Average,El Salvador,SLV
24.7422,1958,Jul,1,Average,El Salvador,SLV
24.5984,1958,Aug,1,Average,El Salvador,SLV
24.0264,1958,Sep,1,Average,El Salvador,SLV
23.985,1958,Oct,1,Average,El Salvador,SLV
23.8023,1958,Nov,1,Average,El Salvador,SLV
22.8384,1958,Dec,1,Average,El Salvador,SLV
22.9022,1959,Jan,1,Average,El Salvador,SLV
24.2684,1959,Feb,1,Average,El Salvador,SLV
24.7253,1959,Mar,1,Average,El Salvador,SLV
25.3111,1959,Apr,1,Average,El Salvador,SLV
24.8531,1959,May,1,Average,El Salvador,SLV
24.1517,1959,Jun,1,Average,El Salvador,SLV
24.5127,1959,Jul,1,Average,El Salvador,SLV
24.484,1959,Aug,1,Average,El Salvador,SLV
23.9637,1959,Sep,1,Average,El Salvador,SLV
23.8387,1959,Oct,1,Average,El Salvador,SLV
22.6209,1959,Nov,1,Average,El Salvador,SLV
22.0116,1959,Dec,1,Average,El Salvador,SLV
22.7999,1960,Jan,1,Average,El Salvador,SLV
23.3771,1960,Feb,1,Average,El Salvador,SLV
24.0352,1960,Mar,1,Average,El Salvador,SLV
24.979,1960,Apr,1,Average,El Salvador,SLV
25.2418,1960,May,1,Average,El Salvador,SLV
23.8795,1960,Jun,1,Average,El Salvador,SLV
24.0427,1960,Jul,1,Average,El Salvador,SLV
23.9639,1960,Aug,1,Average,El Salvador,SLV
23.6826,1960,Sep,1,Average,El Salvador,SLV
23.7276,1960,Oct,1,Average,El Salvador,SLV
22.9085,1960,Nov,1,Average,El Salvador,SLV
21.6478,1960,Dec,1,Average,El Salvador,SLV
22.6727,1961,Jan,1,Average,El Salvador,SLV
23.1994,1961,Feb,1,Average,El Salvador,SLV
24.6563,1961,Mar,1,Average,El Salvador,SLV
25.3113,1961,Apr,1,Average,El Salvador,SLV
24.8732,1961,May,1,Average,El Salvador,SLV
23.5897,1961,Jun,1,Average,El Salvador,SLV
23.7208,1961,Jul,1,Average,El Salvador,SLV
24.0018,1961,Aug,1,Average,El Salvador,SLV
23.3363,1961,Sep,1,Average,El Salvador,SLV
22.9574,1961,Oct,1,Average,El Salvador,SLV
22.2665,1961,Nov,1,Average,El Salvador,SLV
22.3466,1961,Dec,1,Average,El Salvador,SLV
22.1176,1962,Jan,1,Average,El Salvador,SLV
22.6074,1962,Feb,1,Average,El Salvador,SLV
24.2414,1962,Mar,1,Average,El Salvador,SLV
24.774,1962,Apr,1,Average,El Salvador,SLV
23.8556,1962,May,1,Average,El Salvador,SLV
23.4271,1962,Jun,1,Average,El Salvador,SLV
23.8191,1962,Jul,1,Average,El Salvador,SLV
24.0199,1962,Aug,1,Average,El Salvador,SLV
23.3149,1962,Sep,1,Average,El Salvador,SLV
23.104,1962,Oct,1,Average,El Salvador,SLV
21.9454,1962,Nov,1,Average,El Salvador,SLV
21.8669,1962,Dec,1,Average,El Salvador,SLV
22.4157,1963,Jan,1,Average,El Salvador,SLV
23.0359,1963,Feb,1,Average,El Salvador,SLV
24.2301,1963,Mar,1,Average,El Salvador,SLV
24.5729,1963,Apr,1,Average,El Salvador,SLV
24.3625,1963,May,1,Average,El Salvador,SLV
24.0331,1963,Jun,1,Average,El Salvador,SLV
24.0914,1963,Jul,1,Average,El Salvador,SLV
24.074,1963,Aug,1,Average,El Salvador,SLV
23.236,1963,Sep,1,Average,El Salvador,SLV
22.7706,1963,Oct,1,Average,El Salvador,SLV
22.2855,1963,Nov,1,Average,El Salvador,SLV
21.4331,1963,Dec,1,Average,El Salvador,SLV
22.5468,1964,Jan,1,Average,El Salvador,SLV
23.5524,1964,Feb,1,Average,El Salvador,SLV
24.6105,1964,Mar,1,Average,El Salvador,SLV
25.7288,1964,Apr,1,Average,El Salvador,SLV
25.0302,1964,May,1,Average,El Salvador,SLV
23.2553,1964,Jun,1,Average,El Salvador,SLV
23.5492,1964,Jul,1,Average,El Salvador,SLV
23.874,1964,Aug,1,Average,El Salvador,SLV
23.4751,1964,Sep,1,Average,El Salvador,SLV
22.357,1964,Oct,1,Average,El Salvador,SLV
22.5442,1964,Nov,1,Average,El Salvador,SLV
22.1317,1964,Dec,1,Average,El Salvador,SLV
22.1082,1965,Jan,1,Average,El Salvador,SLV
23.4662,1965,Feb,1,Average,El Salvador,SLV
24.1329,1965,Mar,1,Average,El Salvador,SLV
24.8302,1965,Apr,1,Average,El Salvador,SLV
24.4681,1965,May,1,Average,El Salvador,SLV
23.7346,1965,Jun,1,Average,El Salvador,SLV
24.4475,1965,Jul,1,Average,El Salvador,SLV
23.8683,1965,Aug,1,Average,El Salvador,SLV
23.5964,1965,Sep,1,Average,El Salvador,SLV
23.0524,1965,Oct,1,Average,El Salvador,SLV
22.9966,1965,Nov,1,Average,El Salvador,SLV
22.5688,1965,Dec,1,Average,El Salvador,SLV
22.4573,1966,Jan,1,Average,El Salvador,SLV
23.1203,1966,Feb,1,Average,El Salvador,SLV
24.3717,1966,Mar,1,Average,El Salvador,SLV
25.759,1966,Apr,1,Average,El Salvador,SLV
25.1101,1966,May,1,Average,El Salvador,SLV
23.6217,1966,Jun,1,Average,El Salvador,SLV
24.4842,1966,Jul,1,Average,El Salvador,SLV
24.3515,1966,Aug,1,Average,El Salvador,SLV
23.812,1966,Sep,1,Average,El Salvador,SLV
23.425,1966,Oct,1,Average,El Salvador,SLV
21.3504,1966,Nov,1,Average,El Salvador,SLV
21.2656,1966,Dec,1,Average,El Salvador,SLV
22.2653,1967,Jan,1,Average,El Salvador,SLV
22.6469,1967,Feb,1,Average,El Salvador,SLV
23.4533,1967,Mar,1,Average,El Salvador,SLV
24.3685,1967,Apr,1,Average,El Salvador,SLV
24.9191,1967,May,1,Average,El Salvador,SLV
23.5769,1967,Jun,1,Average,El Salvador,SLV
23.8597,1967,Jul,1,Average,El Salvador,SLV
23.9657,1967,Aug,1,Average,El Salvador,SLV
23.1085,1967,Sep,1,Average,El Salvador,SLV
22.9137,1967,Oct,1,Average,El Salvador,SLV
22.4213,1967,Nov,1,Average,El Salvador,SLV
22.446,1967,Dec,1,Average,El Salvador,SLV
22.237,1968,Jan,1,Average,El Salvador,SLV
21.8468,1968,Feb,1,Average,El Salvador,SLV
22.9534,1968,Mar,1,Average,El Salvador,SLV
24.5767,1968,Apr,1,Average,El Salvador,SLV
24.0815,1968,May,1,Average,El Salvador,SLV
23.2989,1968,Jun,1,Average,El Salvador,SLV
24.0039,1968,Jul,1,Average,El Salvador,SLV
23.9423,1968,Aug,1,Average,El Salvador,SLV
23.1959,1968,Sep,1,Average,El Salvador,SLV
22.7751,1968,Oct,1,Average,El Salvador,SLV
22.2034,1968,Nov,1,Average,El Salvador,SLV
22.0926,1968,Dec,1,Average,El Salvador,SLV
22.4074,1969,Jan,1,Average,El Salvador,SLV
23.43,1969,Feb,1,Average,El Salvador,SLV
24.9826,1969,Mar,1,Average,El Salvador,SLV
25.8283,1969,Apr,1,Average,El Salvador,SLV
25.2697,1969,May,1,Average,El Salvador,SLV
24.088,1969,Jun,1,Average,El Salvador,SLV
24.3064,1969,Jul,1,Average,El Salvador,SLV
23.4006,1969,Aug,1,Average,El Salvador,SLV
23.2924,1969,Sep,1,Average,El Salvador,SLV
23.2962,1969,Oct,1,Average,El Salvador,SLV
22.4815,1969,Nov,1,Average,El Salvador,SLV
22.1646,1969,Dec,1,Average,El Salvador,SLV
22.6011,1970,Jan,1,Average,El Salvador,SLV
22.6871,1970,Feb,1,Average,El Salvador,SLV
24.5024,1970,Mar,1,Average,El Salvador,SLV
25.659,1970,Apr,1,Average,El Salvador,SLV
24.5917,1970,May,1,Average,El Salvador,SLV
24.2207,1970,Jun,1,Average,El Salvador,SLV
23.6382,1970,Jul,1,Average,El Salvador,SLV
23.4444,1970,Aug,1,Average,El Salvador,SLV
23.1174,1970,Sep,1,Average,El Salvador,SLV
23.5637,1970,Oct,1,Average,El Salvador,SLV
21.5099,1970,Nov,1,Average,El Salvador,SLV
22.1482,1970,Dec,1,Average,El Salvador,SLV
22.6228,1971,Jan,1,Average,El Salvador,SLV
22.9391,1971,Feb,1,Average,El Salvador,SLV
23.7816,1971,Mar,1,Average,El Salvador,SLV
23.8901,1971,Apr,1,Average,El Salvador,SLV
24.7579,1971,May,1,Average,El Salvador,SLV
23.5669,1971,Jun,1,Average,El Salvador,SLV
23.7513,1971,Jul,1,Average,El Salvador,SLV
23.17,1971,Aug,1,Average,El Salvador,SLV
23.0415,1971,Sep,1,Average,El Salvador,SLV
23.1352,1971,Oct,1,Average,El Salvador,SLV
22.1845,1971,Nov,1,Average,El Salvador,SLV
22.2741,1971,Dec,1,Average,El Salvador,SLV
22.9528,1972,Jan,1,Average,El Salvador,SLV
22.7396,1972,Feb,1,Average,El Salvador,SLV
23.9436,1972,Mar,1,Average,El Salvador,SLV
25.3044,1972,Apr,1,Average,El Salvador,SLV
24.7756,1972,May,1,Average,El Salvador,SLV
24.214,1972,Jun,1,Average,El Salvador,SLV
24.6226,1972,Jul,1,Average,El Salvador,SLV
23.7822,1972,Aug,1,Average,El Salvador,SLV
23.9323,1972,Sep,1,Average,El Salvador,SLV
23.5446,1972,Oct,1,Average,El Salvador,SLV
23.8187,1972,Nov,1,Average,El Salvador,SLV
22.9014,1972,Dec,1,Average,El Salvador,SLV
22.9705,1973,Jan,1,Average,El Salvador,SLV
23.3065,1973,Feb,1,Average,El Salvador,SLV
25.4622,1973,Mar,1,Average,El Salvador,SLV
25.7571,1973,Apr,1,Average,El Salvador,SLV
25.1301,1973,May,1,Average,El Salvador,SLV
24.0339,1973,Jun,1,Average,El Salvador,SLV
24.0322,1973,Jul,1,Average,El Salvador,SLV
23.4795,1973,Aug,1,Average,El Salvador,SLV
23.4452,1973,Sep,1,Average,El Salvador,SLV
23.0103,1973,Oct,1,Average,El Salvador,SLV
23.0214,1973,Nov,1,Average,El Salvador,SLV
21.1623,1973,Dec,1,Average,El Salvador,SLV
22.809,1974,Jan,1,Average,El Salvador,SLV
22.3042,1974,Feb,1,Average,El Salvador,SLV
23.8539,1974,Mar,1,Average,El Salvador,SLV
24.8699,1974,Apr,1,Average,El Salvador,SLV
24.5255,1974,May,1,Average,El Salvador,SLV
23.7111,1974,Jun,1,Average,El Salvador,SLV
23.8557,1974,Jul,1,Average,El Salvador,SLV
23.8906,1974,Aug,1,Average,El Salvador,SLV
22.9857,1974,Sep,1,Average,El Salvador,SLV
22.3695,1974,Oct,1,Average,El Salvador,SLV
22.3436,1974,Nov,1,Average,El Salvador,SLV
22.3718,1974,Dec,1,Average,El Salvador,SLV
22.5443,1975,Jan,1,Average,El Salvador,SLV
22.9949,1975,Feb,1,Average,El Salvador,SLV
24.7004,1975,Mar,1,Average,El Salvador,SLV
25.7502,1975,Apr,1,Average,El Salvador,SLV
25.2131,1975,May,1,Average,El Salvador,SLV
25.0064,1975,Jun,1,Average,El Salvador,SLV
23.941,1975,Jul,1,Average,El Salvador,SLV
23.7053,1975,Aug,1,Average,El Salvador,SLV
22.8756,1975,Sep,1,Average,El Salvador,SLV
22.8368,1975,Oct,1,Average,El Salvador,SLV
22.2444,1975,Nov,1,Average,El Salvador,SLV
21.3316,1975,Dec,1,Average,El Salvador,SLV
21.4048,1976,Jan,1,Average,El Salvador,SLV
21.8683,1976,Feb,1,Average,El Salvador,SLV
24.357,1976,Mar,1,Average,El Salvador,SLV
24.6471,1976,Apr,1,Average,El Salvador,SLV
24.8673,1976,May,1,Average,El Salvador,SLV
23.3252,1976,Jun,1,Average,El Salvador,SLV
24.6461,1976,Jul,1,Average,El Salvador,SLV
24.537,1976,Aug,1,Average,El Salvador,SLV
24.2453,1976,Sep,1,Average,El Salvador,SLV
23.454,1976,Oct,1,Average,El Salvador,SLV
22.5945,1976,Nov,1,Average,El Salvador,SLV
22.8036,1976,Dec,1,Average,El Salvador,SLV
22.3643,1977,Jan,1,Average,El Salvador,SLV
23.7282,1977,Feb,1,Average,El Salvador,SLV
25.272,1977,Mar,1,Average,El Salvador,SLV
24.9898,1977,Apr,1,Average,El Salvador,SLV
24.7133,1977,May,1,Average,El Salvador,SLV
24.0326,1977,Jun,1,Average,El Salvador,SLV
24.9511,1977,Jul,1,Average,El Salvador,SLV
24.8227,1977,Aug,1,Average,El Salvador,SLV
24.3963,1977,Sep,1,Average,El Salvador,SLV
23.9155,1977,Oct,1,Average,El Salvador,SLV
23.0039,1977,Nov,1,Average,El Salvador,SLV
22.9662,1977,Dec,1,Average,El Salvador,SLV
22.1363,1978,Jan,1,Average,El Salvador,SLV
22.9877,1978,Feb,1,Average,El Salvador,SLV
24.4199,1978,Mar,1,Average,El Salvador,SLV
25.4993,1978,Apr,1,Average,El Salvador,SLV
25.2969,1978,May,1,Average,El Salvador,SLV
24.5511,1978,Jun,1,Average,El Salvador,SLV
24.0198,1978,Jul,1,Average,El Salvador,SLV
24.5209,1978,Aug,1,Average,El Salvador,SLV
23.6482,1978,Sep,1,Average,El Salvador,SLV
23.296,1978,Oct,1,Average,El Salvador,SLV
23.5483,1978,Nov,1,Average,El Salvador,SLV
23.0371,1978,Dec,1,Average,El Salvador,SLV
22.5149,1979,Jan,1,Average,El Salvador,SLV
23.3364,1979,Feb,1,Average,El Salvador,SLV
24.8542,1979,Mar,1,Average,El Salvador,SLV
24.6543,1979,Apr,1,Average,El Salvador,SLV
25.2315,1979,May,1,Average,El Salvador,SLV
24.141,1979,Jun,1,Average,El Salvador,SLV
24.6214,1979,Jul,1,Average,El Salvador,SLV
24.2081,1979,Aug,1,Average,El Salvador,SLV
23.4968,1979,Sep,1,Average,El Salvador,SLV
23.9032,1979,Oct,1,Average,El Salvador,SLV
22.7825,1979,Nov,1,Average,El Salvador,SLV
22.2905,1979,Dec,1,Average,El Salvador,SLV
23.4309,1980,Jan,1,Average,El Salvador,SLV
23.4943,1980,Feb,1,Average,El Salvador,SLV
25.4849,1980,Mar,1,Average,El Salvador,SLV
25.4633,1980,Apr,1,Average,El Salvador,SLV
25.8041,1980,May,1,Average,El Salvador,SLV
24.7425,1980,Jun,1,Average,El Salvador,SLV
24.9159,1980,Jul,1,Average,El Salvador,SLV
24.3246,1980,Aug,1,Average,El Salvador,SLV
23.8151,1980,Sep,1,Average,El Salvador,SLV
23.4477,1980,Oct,1,Average,El Salvador,SLV
22.7478,1980,Nov,1,Average,El Salvador,SLV
21.6109,1980,Dec,1,Average,El Salvador,SLV
21.5358,1981,Jan,1,Average,El Salvador,SLV
23.2326,1981,Feb,1,Average,El Salvador,SLV
25.091,1981,Mar,1,Average,El Salvador,SLV
25.5912,1981,Apr,1,Average,El Salvador,SLV
25.3068,1981,May,1,Average,El Salvador,SLV
23.9615,1981,Jun,1,Average,El Salvador,SLV
24.4739,1981,Jul,1,Average,El Salvador,SLV
24.1515,1981,Aug,1,Average,El Salvador,SLV
23.8861,1981,Sep,1,Average,El Salvador,SLV
23.4178,1981,Oct,1,Average,El Salvador,SLV
22.465,1981,Nov,1,Average,El Salvador,SLV
22.5805,1981,Dec,1,Average,El Salvador,SLV
23.1375,1982,Jan,1,Average,El Salvador,SLV
23.921,1982,Feb,1,Average,El Salvador,SLV
24.6694,1982,Mar,1,Average,El Salvador,SLV
25.49,1982,Apr,1,Average,El Salvador,SLV
24.7274,1982,May,1,Average,El Salvador,SLV
24.2489,1982,Jun,1,Average,El Salvador,SLV
24.2196,1982,Jul,1,Average,El Salvador,SLV
24.856,1982,Aug,1,Average,El Salvador,SLV
23.7952,1982,Sep,1,Average,El Salvador,SLV
23.3932,1982,Oct,1,Average,El Salvador,SLV
23.078,1982,Nov,1,Average,El Salvador,SLV
22.8514,1982,Dec,1,Average,El Salvador,SLV
23.0162,1983,Jan,1,Average,El Salvador,SLV
23.6708,1983,Feb,1,Average,El Salvador,SLV
24.8433,1983,Mar,1,Average,El Salvador,SLV
25.945,1983,Apr,1,Average,El Salvador,SLV
26.8607,1983,May,1,Average,El Salvador,SLV
25.1487,1983,Jun,1,Average,El Salvador,SLV
24.6144,1983,Jul,1,Average,El Salvador,SLV
24.5121,1983,Aug,1,Average,El Salvador,SLV
23.9073,1983,Sep,1,Average,El Salvador,SLV
23.7098,1983,Oct,1,Average,El Salvador,SLV
23.4533,1983,Nov,1,Average,El Salvador,SLV
23.014,1983,Dec,1,Average,El Salvador,SLV
22.4001,1984,Jan,1,Average,El Salvador,SLV
23.1212,1984,Feb,1,Average,El Salvador,SLV
24.5378,1984,Mar,1,Average,El Salvador,SLV
25.5469,1984,Apr,1,Average,El Salvador,SLV
24.8202,1984,May,1,Average,El Salvador,SLV
24.1004,1984,Jun,1,Average,El Salvador,SLV
23.4174,1984,Jul,1,Average,El Salvador,SLV
23.5505,1984,Aug,1,Average,El Salvador,SLV
23.0656,1984,Sep,1,Average,El Salvador,SLV
23.7514,1984,Oct,1,Average,El Salvador,SLV
22.0263,1984,Nov,1,Average,El Salvador,SLV
22.3322,1984,Dec,1,Average,El Salvador,SLV
22.0008,1985,Jan,1,Average,El Salvador,SLV
23.2058,1985,Feb,1,Average,El Salvador,SLV
24.8456,1985,Mar,1,Average,El Salvador,SLV
25.2821,1985,Apr,1,Average,El Salvador,SLV
25.0126,1985,May,1,Average,El Salvador,SLV
24.3466,1985,Jun,1,Average,El Salvador,SLV
24.2166,1985,Jul,1,Average,El Salvador,SLV
24.0558,1985,Aug,1,Average,El Salvador,SLV
24.072,1985,Sep,1,Average,El Salvador,SLV
23.6177,1985,Oct,1,Average,El Salvador,SLV
23.1071,1985,Nov,1,Average,El Salvador,SLV
22.7644,1985,Dec,1,Average,El Salvador,SLV
22.0651,1986,Jan,1,Average,El Salvador,SLV
23.2945,1986,Feb,1,Average,El Salvador,SLV
23.3894,1986,Mar,1,Average,El Salvador,SLV
25.0856,1986,Apr,1,Average,El Salvador,SLV
25.0139,1986,May,1,Average,El Salvador,SLV
24.6385,1986,Jun,1,Average,El Salvador,SLV
24.7086,1986,Jul,1,Average,El Salvador,SLV
24.6576,1986,Aug,1,Average,El Salvador,SLV
23.3739,1986,Sep,1,Average,El Salvador,SLV
23.443,1986,Oct,1,Average,El Salvador,SLV
23.53,1986,Nov,1,Average,El Salvador,SLV
23.407,1986,Dec,1,Average,El Salvador,SLV
22.2845,1987,Jan,1,Average,El Salvador,SLV
23.6862,1987,Feb,1,Average,El Salvador,SLV
25.2257,1987,Mar,1,Average,El Salvador,SLV
25.8518,1987,Apr,1,Average,El Salvador,SLV
25.7052,1987,May,1,Average,El Salvador,SLV
24.9739,1987,Jun,1,Average,El Salvador,SLV
24.426,1987,Jul,1,Average,El Salvador,SLV
24.6502,1987,Aug,1,Average,El Salvador,SLV
24.5421,1987,Sep,1,Average,El Salvador,SLV
23.6336,1987,Oct,1,Average,El Salvador,SLV
23.8881,1987,Nov,1,Average,El Salvador,SLV
23.7009,1987,Dec,1,Average,El Salvador,SLV
23.2801,1988,Jan,1,Average,El Salvador,SLV
24.0094,1988,Feb,1,Average,El Salvador,SLV
25.0528,1988,Mar,1,Average,El Salvador,SLV
26.0662,1988,Apr,1,Average,El Salvador,SLV
26.0296,1988,May,1,Average,El Salvador,SLV
24.6811,1988,Jun,1,Average,El Salvador,SLV
24.6237,1988,Jul,1,Average,El Salvador,SLV
24.0147,1988,Aug,1,Average,El Salvador,SLV
23.8172,1988,Sep,1,Average,El Salvador,SLV
23.6504,1988,Oct,1,Average,El Salvador,SLV
23.6505,1988,Nov,1,Average,El Salvador,SLV
22.2472,1988,Dec,1,Average,El Salvador,SLV
23.4132,1989,Jan,1,Average,El Salvador,SLV
22.9885,1989,Feb,1,Average,El Salvador,SLV
23.7093,1989,Mar,1,Average,El Salvador,SLV
25.4992,1989,Apr,1,Average,El Salvador,SLV
25.237,1989,May,1,Average,El Salvador,SLV
24.4492,1989,Jun,1,Average,El Salvador,SLV
24.8195,1989,Jul,1,Average,El Salvador,SLV
24.5282,1989,Aug,1,Average,El Salvador,SLV
23.8054,1989,Sep,1,Average,El Salvador,SLV
23.5547,1989,Oct,1,Average,El Salvador,SLV
23.5204,1989,Nov,1,Average,El Salvador,SLV
21.9527,1989,Dec,1,Average,El Salvador,SLV
23.1936,1990,Jan,1,Average,El Salvador,SLV
23.6368,1990,Feb,1,Average,El Salvador,SLV
24.5432,1990,Mar,1,Average,El Salvador,SLV
25.6354,1990,Apr,1,Average,El Salvador,SLV
25.5136,1990,May,1,Average,El Salvador,SLV
24.8338,1990,Jun,1,Average,El Salvador,SLV
24.4192,1990,Jul,1,Average,El Salvador,SLV
24.5408,1990,Aug,1,Average,El Salvador,SLV
23.9763,1990,Sep,1,Average,El Salvador,SLV
23.7003,1990,Oct,1,Average,El Salvador,SLV
22.588,1990,Nov,1,Average,El Salvador,SLV
22.6213,1990,Dec,1,Average,El Salvador,SLV
23.5744,1991,Jan,1,Average,El Salvador,SLV
23.4158,1991,Feb,1,Average,El Salvador,SLV
24.8148,1991,Mar,1,Average,El Salvador,SLV
25.7816,1991,Apr,1,Average,El Salvador,SLV
25.2806,1991,May,1,Average,El Salvador,SLV
24.9359,1991,Jun,1,Average,El Salvador,SLV
24.832,1991,Jul,1,Average,El Salvador,SLV
24.3319,1991,Aug,1,Average,El Salvador,SLV
23.6312,1991,Sep,1,Average,El Salvador,SLV
23.5995,1991,Oct,1,Average,El Salvador,SLV
22.465,1991,Nov,1,Average,El Salvador,SLV
22.5696,1991,Dec,1,Average,El Salvador,SLV
22.8374,1992,Jan,1,Average,El Salvador,SLV
23.2177,1992,Feb,1,Average,El Salvador,SLV
25.1554,1992,Mar,1,Average,El Salvador,SLV
25.5634,1992,Apr,1,Average,El Salvador,SLV
25.1758,1992,May,1,Average,El Salvador,SLV
25.0283,1992,Jun,1,Average,El Salvador,SLV
24.7265,1992,Jul,1,Average,El Salvador,SLV
24.5484,1992,Aug,1,Average,El Salvador,SLV
23.3295,1992,Sep,1,Average,El Salvador,SLV
23.7256,1992,Oct,1,Average,El Salvador,SLV
23.5713,1992,Nov,1,Average,El Salvador,SLV
23.3293,1992,Dec,1,Average,El Salvador,SLV
23.2466,1993,Jan,1,Average,El Salvador,SLV
23.2307,1993,Feb,1,Average,El Salvador,SLV
24.1636,1993,Mar,1,Average,El Salvador,SLV
25.4837,1993,Apr,1,Average,El Salvador,SLV
24.6411,1993,May,1,Average,El Salvador,SLV
24.8778,1993,Jun,1,Average,El Salvador,SLV
24.6097,1993,Jul,1,Average,El Salvador,SLV
23.9969,1993,Aug,1,Average,El Salvador,SLV
23.2922,1993,Sep,1,Average,El Salvador,SLV
24.3363,1993,Oct,1,Average,El Salvador,SLV
23.2199,1993,Nov,1,Average,El Salvador,SLV
22.5374,1993,Dec,1,Average,El Salvador,SLV
22.9923,1994,Jan,1,Average,El Salvador,SLV
23.6922,1994,Feb,1,Average,El Salvador,SLV
24.9541,1994,Mar,1,Average,El Salvador,SLV
25.889,1994,Apr,1,Average,El Salvador,SLV
25.2632,1994,May,1,Average,El Salvador,SLV
24.8721,1994,Jun,1,Average,El Salvador,SLV
24.6694,1994,Jul,1,Average,El Salvador,SLV
24.6435,1994,Aug,1,Average,El Salvador,SLV
24.1263,1994,Sep,1,Average,El Salvador,SLV
23.7978,1994,Oct,1,Average,El Salvador,SLV
23.3313,1994,Nov,1,Average,El Salvador,SLV
22.8556,1994,Dec,1,Average,El Salvador,SLV
23.3142,1995,Jan,1,Average,El Salvador,SLV
23.4144,1995,Feb,1,Average,El Salvador,SLV
24.8374,1995,Mar,1,Average,El Salvador,SLV
25.6118,1995,Apr,1,Average,El Salvador,SLV
25.2924,1995,May,1,Average,El Salvador,SLV
24.8242,1995,Jun,1,Average,El Salvador,SLV
24.3477,1995,Jul,1,Average,El Salvador,SLV
24.1592,1995,Aug,1,Average,El Salvador,SLV
23.5799,1995,Sep,1,Average,El Salvador,SLV
23.6205,1995,Oct,1,Average,El Salvador,SLV
23.0887,1995,Nov,1,Average,El Salvador,SLV
23.0072,1995,Dec,1,Average,El Salvador,SLV
22.0176,1996,Jan,1,Average,El Salvador,SLV
22.9074,1996,Feb,1,Average,El Salvador,SLV
23.6244,1996,Mar,1,Average,El Salvador,SLV
25.2831,1996,Apr,1,Average,El Salvador,SLV
25.0029,1996,May,1,Average,El Salvador,SLV
24.4466,1996,Jun,1,Average,El Salvador,SLV
24.5351,1996,Jul,1,Average,El Salvador,SLV
23.7564,1996,Aug,1,Average,El Salvador,SLV
24.1965,1996,Sep,1,Average,El Salvador,SLV
23.8378,1996,Oct,1,Average,El Salvador,SLV
22.432,1996,Nov,1,Average,El Salvador,SLV
22.65,1996,Dec,1,Average,El Salvador,SLV
22.9256,1997,Jan,1,Average,El Salvador,SLV
23.6817,1997,Feb,1,Average,El Salvador,SLV
25.2957,1997,Mar,1,Average,El Salvador,SLV
25.473,1997,Apr,1,Average,El Salvador,SLV
25.5891,1997,May,1,Average,El Salvador,SLV
24.9905,1997,Jun,1,Average,El Salvador,SLV
24.9865,1997,Jul,1,Average,El Salvador,SLV
25.1812,1997,Aug,1,Average,El Salvador,SLV
24.1744,1997,Sep,1,Average,El Salvador,SLV
24.0497,1997,Oct,1,Average,El Salvador,SLV
23.4298,1997,Nov,1,Average,El Salvador,SLV
23.1069,1997,Dec,1,Average,El Salvador,SLV
23.2277,1998,Jan,1,Average,El Salvador,SLV
24.0937,1998,Feb,1,Average,El Salvador,SLV
25.324,1998,Mar,1,Average,El Salvador,SLV
26.2737,1998,Apr,1,Average,El Salvador,SLV
25.9729,1998,May,1,Average,El Salvador,SLV
25.3629,1998,Jun,1,Average,El Salvador,SLV
24.6294,1998,Jul,1,Average,El Salvador,SLV
24.8338,1998,Aug,1,Average,El Salvador,SLV
24.07,1998,Sep,1,Average,El Salvador,SLV
24.3046,1998,Oct,1,Average,El Salvador,SLV
23.3296,1998,Nov,1,Average,El Salvador,SLV
22.6939,1998,Dec,1,Average,El Salvador,SLV
22.9035,1999,Jan,1,Average,El Salvador,SLV
22.9089,1999,Feb,1,Average,El Salvador,SLV
24.3211,1999,Mar,1,Average,El Salvador,SLV
25.2909,1999,Apr,1,Average,El Salvador,SLV
25.4111,1999,May,1,Average,El Salvador,SLV
24.312,1999,Jun,1,Average,El Salvador,SLV
24.3648,1999,Jul,1,Average,El Salvador,SLV
24.1597,1999,Aug,1,Average,El Salvador,SLV
23.3458,1999,Sep,1,Average,El Salvador,SLV
23.19,1999,Oct,1,Average,El Salvador,SLV
21.9596,1999,Nov,1,Average,El Salvador,SLV
22.0274,1999,Dec,1,Average,El Salvador,SLV
22.4672,2000,Jan,1,Average,El Salvador,SLV
23.0333,2000,Feb,1,Average,El Salvador,SLV
24.6495,2000,Mar,1,Average,El Salvador,SLV
25.4654,2000,Apr,1,Average,El Salvador,SLV
25.0031,2000,May,1,Average,El Salvador,SLV
24.2985,2000,Jun,1,Average,El Salvador,SLV
24.6367,2000,Jul,1,Average,El Salvador,SLV
24.361,2000,Aug,1,Average,El Salvador,SLV
23.9198,2000,Sep,1,Average,El Salvador,SLV
23.792,2000,Oct,1,Average,El Salvador,SLV
23.6032,2000,Nov,1,Average,El Salvador,SLV
22.7405,2000,Dec,1,Average,El Salvador,SLV
22.7311,2001,Jan,1,Average,El Salvador,SLV
24.2819,2001,Feb,1,Average,El Salvador,SLV
24.6356,2001,Mar,1,Average,El Salvador,SLV
25.8971,2001,Apr,1,Average,El Salvador,SLV
25.2857,2001,May,1,Average,El Salvador,SLV
25.0279,2001,Jun,1,Average,El Salvador,SLV
25.1526,2001,Jul,1,Average,El Salvador,SLV
25.1572,2001,Aug,1,Average,El Salvador,SLV
23.8915,2001,Sep,1,Average,El Salvador,SLV
24.2549,2001,Oct,1,Average,El Salvador,SLV
23.2608,2001,Nov,1,Average,El Salvador,SLV
23.3614,2001,Dec,1,Average,El Salvador,SLV
23.4106,2002,Jan,1,Average,El Salvador,SLV
23.6385,2002,Feb,1,Average,El Salvador,SLV
25.0641,2002,Mar,1,Average,El Salvador,SLV
25.9321,2002,Apr,1,Average,El Salvador,SLV
25.7988,2002,May,1,Average,El Salvador,SLV
25.1025,2002,Jun,1,Average,El Salvador,SLV
25.2424,2002,Jul,1,Average,El Salvador,SLV
24.8166,2002,Aug,1,Average,El Salvador,SLV
24.2591,2002,Sep,1,Average,El Salvador,SLV
24.3288,2002,Oct,1,Average,El Salvador,SLV
23.4422,2002,Nov,1,Average,El Salvador,SLV
23.5506,2002,Dec,1,Average,El Salvador,SLV
22.9171,2003,Jan,1,Average,El Salvador,SLV
24.8022,2003,Feb,1,Average,El Salvador,SLV
25.807,2003,Mar,1,Average,El Salvador,SLV
25.7084,2003,Apr,1,Average,El Salvador,SLV
26.1751,2003,May,1,Average,El Salvador,SLV
25.3554,2003,Jun,1,Average,El Salvador,SLV
24.7386,2003,Jul,1,Average,El Salvador,SLV
24.9682,2003,Aug,1,Average,El Salvador,SLV
24.6451,2003,Sep,1,Average,El Salvador,SLV
24.3625,2003,Oct,1,Average,El Salvador,SLV
23.5949,2003,Nov,1,Average,El Salvador,SLV
22.167,2003,Dec,1,Average,El Salvador,SLV
23.4308,2004,Jan,1,Average,El Salvador,SLV
24.1009,2004,Feb,1,Average,El Salvador,SLV
25.4414,2004,Mar,1,Average,El Salvador,SLV
25.9975,2004,Apr,1,Average,El Salvador,SLV
25.3568,2004,May,1,Average,El Salvador,SLV
25.0194,2004,Jun,1,Average,El Salvador,SLV
24.7394,2004,Jul,1,Average,El Salvador,SLV
24.9156,2004,Aug,1,Average,El Salvador,SLV
24.3093,2004,Sep,1,Average,El Salvador,SLV
24.7131,2004,Oct,1,Average,El Salvador,SLV
23.6148,2004,Nov,1,Average,El Salvador,SLV
23.1803,2004,Dec,1,Average,El Salvador,SLV
23.18,2005,Jan,1,Average,El Salvador,SLV
23.6345,2005,Feb,1,Average,El Salvador,SLV
25.7934,2005,Mar,1,Average,El Salvador,SLV
26.2109,2005,Apr,1,Average,El Salvador,SLV
25.8366,2005,May,1,Average,El Salvador,SLV
24.9046,2005,Jun,1,Average,El Salvador,SLV
25.1838,2005,Jul,1,Average,El Salvador,SLV
25.1499,2005,Aug,1,Average,El Salvador,SLV
24.5454,2005,Sep,1,Average,El Salvador,SLV
23.6285,2005,Oct,1,Average,El Salvador,SLV
23.0384,2005,Nov,1,Average,El Salvador,SLV
23.4011,2005,Dec,1,Average,El Salvador,SLV
23.5769,2006,Jan,1,Average,El Salvador,SLV
23.4083,2006,Feb,1,Average,El Salvador,SLV
25.1403,2006,Mar,1,Average,El Salvador,SLV
25.8491,2006,Apr,1,Average,El Salvador,SLV
25.3543,2006,May,1,Average,El Salvador,SLV
24.515,2006,Jun,1,Average,El Salvador,SLV
24.8835,2006,Jul,1,Average,El Salvador,SLV
24.9505,2006,Aug,1,Average,El Salvador,SLV
24.6211,2006,Sep,1,Average,El Salvador,SLV
24.6377,2006,Oct,1,Average,El Salvador,SLV
23.09,2006,Nov,1,Average,El Salvador,SLV
23.5018,2006,Dec,1,Average,El Salvador,SLV
23.4307,2007,Jan,1,Average,El Salvador,SLV
23.7202,2007,Feb,1,Average,El Salvador,SLV
24.7831,2007,Mar,1,Average,El Salvador,SLV
25.9129,2007,Apr,1,Average,El Salvador,SLV
25.5202,2007,May,1,Average,El Salvador,SLV
24.9277,2007,Jun,1,Average,El Salvador,SLV
25.0174,2007,Jul,1,Average,El Salvador,SLV
24.5658,2007,Aug,1,Average,El Salvador,SLV
24.0081,2007,Sep,1,Average,El Salvador,SLV
23.4001,2007,Oct,1,Average,El Salvador,SLV
22.7246,2007,Nov,1,Average,El Salvador,SLV
22.8961,2007,Dec,1,Average,El Salvador,SLV
23.3172,2008,Jan,1,Average,El Salvador,SLV
24.1106,2008,Feb,1,Average,El Salvador,SLV
25.2459,2008,Mar,1,Average,El Salvador,SLV
26.0304,2008,Apr,1,Average,El Salvador,SLV
26.3182,2008,May,1,Average,El Salvador,SLV
24.8141,2008,Jun,1,Average,El Salvador,SLV
24.792,2008,Jul,1,Average,El Salvador,SLV
24.6629,2008,Aug,1,Average,El Salvador,SLV
24.7901,2008,Sep,1,Average,El Salvador,SLV
23.5614,2008,Oct,1,Average,El Salvador,SLV
22.6595,2008,Nov,1,Average,El Salvador,SLV
23.1426,2008,Dec,1,Average,El Salvador,SLV
23.6123,2009,Jan,1,Average,El Salvador,SLV
23.7503,2009,Feb,1,Average,El Salvador,SLV
24.5394,2009,Mar,1,Average,El Salvador,SLV
26.5259,2009,Apr,1,Average,El Salvador,SLV
25.9412,2009,May,1,Average,El Salvador,SLV
25.0836,2009,Jun,1,Average,El Salvador,SLV
25.6909,2009,Jul,1,Average,El Salvador,SLV
24.7563,2009,Aug,1,Average,El Salvador,SLV
24.7622,2009,Sep,1,Average,El Salvador,SLV
24.6469,2009,Oct,1,Average,El Salvador,SLV
23.5671,2009,Nov,1,Average,El Salvador,SLV
24.3532,2009,Dec,1,Average,El Salvador,SLV
23.4706,2010,Jan,1,Average,El Salvador,SLV
23.9023,2010,Feb,1,Average,El Salvador,SLV
25.8545,2010,Mar,1,Average,El Salvador,SLV
26.4335,2010,Apr,1,Average,El Salvador,SLV
25.982,2010,May,1,Average,El Salvador,SLV
25.4286,2010,Jun,1,Average,El Salvador,SLV
24.8492,2010,Jul,1,Average,El Salvador,SLV
24.56,2010,Aug,1,Average,El Salvador,SLV
24.2267,2010,Sep,1,Average,El Salvador,SLV
23.8243,2010,Oct,1,Average,El Salvador,SLV
22.8797,2010,Nov,1,Average,El Salvador,SLV
21.8544,2010,Dec,1,Average,El Salvador,SLV
23.9703,2011,Jan,1,Average,El Salvador,SLV
23.9977,2011,Feb,1,Average,El Salvador,SLV
24.9111,2011,Mar,1,Average,El Salvador,SLV
25.9371,2011,Apr,1,Average,El Salvador,SLV
26.1872,2011,May,1,Average,El Salvador,SLV
24.9248,2011,Jun,1,Average,El Salvador,SLV
24.9139,2011,Jul,1,Average,El Salvador,SLV
25.1386,2011,Aug,1,Average,El Salvador,SLV
24.5286,2011,Sep,1,Average,El Salvador,SLV
23.1978,2011,Oct,1,Average,El Salvador,SLV
22.6614,2011,Nov,1,Average,El Salvador,SLV
23.1436,2011,Dec,1,Average,El Salvador,SLV
24.337,2012,Jan,1,Average,El Salvador,SLV
24.1861,2012,Feb,1,Average,El Salvador,SLV
25.5792,2012,Mar,1,Average,El Salvador,SLV
26.0475,2012,Apr,1,Average,El Salvador,SLV
24.9752,2012,May,1,Average,El Salvador,SLV
24.3207,2012,Jun,1,Average,El Salvador,SLV
24.9706,2012,Jul,1,Average,El Salvador,SLV
24.5846,2012,Aug,1,Average,El Salvador,SLV
24.2417,2012,Sep,1,Average,El Salvador,SLV
23.5914,2012,Oct,1,Average,El Salvador,SLV
22.9603,2012,Nov,1,Average,El Salvador,SLV
23.2453,2012,Dec,1,Average,El Salvador,SLV
24.1463,2013,Jan,1,Average,El Salvador,SLV
24.3877,2013,Feb,1,Average,El Salvador,SLV
24.5631,2013,Mar,1,Average,El Salvador,SLV
26.2768,2013,Apr,1,Average,El Salvador,SLV
25.3065,2013,May,1,Average,El Salvador,SLV
24.2301,2013,Jun,1,Average,El Salvador,SLV
24.8139,2013,Jul,1,Average,El Salvador,SLV
24.4682,2013,Aug,1,Average,El Salvador,SLV
23.8577,2013,Sep,1,Average,El Salvador,SLV
23.9949,2013,Oct,1,Average,El Salvador,SLV
23.3256,2013,Nov,1,Average,El Salvador,SLV
23.1299,2013,Dec,1,Average,El Salvador,SLV
23.0216,2014,Jan,1,Average,El Salvador,SLV
24.4836,2014,Feb,1,Average,El Salvador,SLV
25.4852,2014,Mar,1,Average,El Salvador,SLV
26.2722,2014,Apr,1,Average,El Salvador,SLV
25.333,2014,May,1,Average,El Salvador,SLV
24.6222,2014,Jun,1,Average,El Salvador,SLV
25.7324,2014,Jul,1,Average,El Salvador,SLV
25.1626,2014,Aug,1,Average,El Salvador,SLV
23.9414,2014,Sep,1,Average,El Salvador,SLV
23.7972,2014,Oct,1,Average,El Salvador,SLV
23.1324,2014,Nov,1,Average,El Salvador,SLV
23.1626,2014,Dec,1,Average,El Salvador,SLV
23.9977,2015,Jan,1,Average,El Salvador,SLV
23.8195,2015,Feb,1,Average,El Salvador,SLV
25.2501,2015,Mar,1,Average,El Salvador,SLV
26.3768,2015,Apr,1,Average,El Salvador,SLV
25.6517,2015,May,1,Average,El Salvador,SLV
24.8645,2015,Jun,1,Average,El Salvador,SLV
25.4706,2015,Jul,1,Average,El Salvador,SLV
25.4668,2015,Aug,1,Average,El Salvador,SLV
24.8403,2015,Sep,1,Average,El Salvador,SLV
24.3982,2015,Oct,1,Average,El Salvador,SLV
24.3971,2015,Nov,1,Average,El Salvador,SLV
24.7385,2015,Dec,1,Average,El Salvador,SLV
24.2017,2016,Jan,1,Average,El Salvador,SLV
23.573,2016,Feb,1,Average,El Salvador,SLV
25.9571,2016,Mar,1,Average,El Salvador,SLV
26.7283,2016,Apr,1,Average,El Salvador,SLV
26.4418,2016,May,1,Average,El Salvador,SLV
25.2011,2016,Jun,1,Average,El Salvador,SLV
25.6264,2016,Jul,1,Average,El Salvador,SLV
25.3851,2016,Aug,1,Average,El Salvador,SLV
24.7569,2016,Sep,1,Average,El Salvador,SLV
24.4632,2016,Oct,1,Average,El Salvador,SLV
23.4669,2016,Nov,1,Average,El Salvador,SLV
24.2072,2016,Dec,1,Average,El Salvador,SLV
