Date;Pitcher;Team;RS;Opponent;RA;League;Catcher
July 28, 1875;Joe Borden;Philadelphia White Stockings;4;Chicago White Stockings;0;NA;Pop Snyder
July 15, 1876;George Bradley;St. Louis Brown Stockings;2;Hartford Dark Blues;0;NL;John Clapp
June 12, 1880;Lee Richmond;Worcester Worcesters;1;Cleveland Blues;0;NL;Charlie Bennett
June 17, 1880;John Montgomery Ward dagger;Providence Grays;5;Buffalo Bisons;0;NL;Emil Gross
August 19, 1880;Larry Corcoran (1);Chicago White Stockings;6;Boston Red Caps;0;NL;Silver Flint (? IP)(1) and King Kelly (? IP) (1)dagger
August 20, 1880;Pud Galvin (1)dagger;Buffalo Bisons;1;Worcester Worcesters;0;NL;Jack Rowe (1)
September 11, 1882;Tony Mullane;Louisville Eclipse;2;Cincinnati Red Stockings;0;AA;Dan Sullivan (1)
September 19, 1882;Guy Hecker;Louisville Eclipse;3;Pittsburgh Alleghenys;1;AA;Dan Sullivan (2)
September 20, 1882;Larry Corcoran (2);Chicago White Stockings;5;Worcester Worcesters;0;NL;Silver Flint (2)
July 25, 1883;Charles Radbourndagger;Providence Grays;8;Cleveland Blues;0;NL;Barney Gilligan
September 13, 1883;Hugh Daily;Cleveland Blues;1;Philadelphia Phillies;0;NL;Doc Bushong
May 24, 1884;Al Atkinson (1);Philadelphia Athletics;10;Pittsburgh Alleghenys;1;AA;Jocko Milligan
May 29, 1884;Ed Morris;Columbus Buckeyes;5;Pittsburgh Alleghenys;0;AA;Rudy Kemmler (1)
June 5, 1884;Frank Mountain;Columbus Buckeyes;12;Washington Nationals;0;AA;Rudy Kemmler (2)
June 27, 1884;Larry Corcoran (3);Chicago White Stockings;6;Providence Grays;0;NL;King Kelly (2)dagger
August 4, 1884;Pud Galvin (2)dagger;Buffalo Bisons;18;Detroit Wolverines;0;NL;Jack Rowe (2)
August 26, 1884;Dick Burns;Cincinnati Outlaw Reds;3;Kansas City Unions;1;UA;Joe Crotty
September 28, 1884;Ed Cushman;Milwaukee Brewers;5;Washington Nationals;0;UA;Cal Broughton
October 4, 1884;Sam Kimber;Brooklyn Atlantics;0;Toledo Blue Stockings;0;AA;Jack Corcoran
July 27, 1885;John Clarkson dagger;Chicago White Stockings;4;Providence Grays;0;NL;Silver Flint (3)
August 29, 1885;Charlie Ferguson;Philadelphia Phillies;1;Providence Grays;0;NL;Charlie Ganzel (1)
May 1, 1886;Al Atkinson (2);Philadelphia Athletics;3;New York Metropolitans;2;AA;Jack O'Brien
July 24, 1886;Adonis Terry (1);Brooklyn Grays;1;St. Louis Browns;0;AA;Jimmy Peoples (1)
October 6, 1886;Matt Kilroy;Baltimore Orioles;6;Pittsburgh Alleghenys;0;AA;Tom Dolan
May 27, 1888;Adonis Terry (2);Brooklyn Bridegrooms;4;Louisville Colonels;0;AA;Jimmy Peoples (2)
June 6, 1888;Henry Porter;Kansas City Cowboys;4;Baltimore Orioles;0;AA;Law Daniels
July 26, 1888;Ed Seward;Philadelphia Athletics;12;Cincinnati Red Stockings;2;AA;Wilbert Robinson (1)dagger
July 31, 1888;Gus Weyhing;Philadelphia Athletics;4;Kansas City Cowboys;0;AA;George Townsend
September 15, 1890;Ledell Titcomb;Rochester Broncos;7;Syracuse Stars;0;AA;John Grim
June 22, 1891;Tom Lovett;Brooklyn Grooms;4;New York Giants;0;NL;Con Daily
July 31, 1891;Amos Rusie dagger;New York Giants;6;Brooklyn Grooms;0;NL;Dick Buckley
October 4, 1891;Ted Breitenstein (1);St. Louis Browns;8;Louisville Colonels;0;AA;John Munyan
August 6, 1892;Jack Stivetts;Boston Beaneaters;11;Brooklyn Grooms;0;NL;Charlie Ganzel (2)
August 22, 1892;Ben Sanders;Louisville Colonels;6;Baltimore Orioles;2;NL;Bill Merritt
October 15, 1892;Bumpus Jones;Cincinnati Reds;7;Pittsburgh Pirates;1;NL;Farmer Vaughn
August 16, 1893;Bill Hawke;Baltimore Orioles;5;Washington Senators;0;NL;Wilbert Robinson (2)dagger
September 18, 1897;Cy Young (1)dagger;Cleveland Spiders;6;Cincinnati Reds;0;NL;Chief Zimmer (1)
April 22, 1898;Ted Breitenstein (2);Cincinnati Reds;11;Pittsburgh Pirates;0;NL;Heinie Peitz (1)
April 22, 1898;Jay Hughes;Baltimore Orioles;8;Boston Beaneaters;0;NL;Boileryard Clarke
July 8, 1898;Red Donahue;Philadelphia Phillies;5;Boston Beaneaters;0;NL;Ed McFarland (1)
August 21, 1898;Walter Thornton;Chicago Orphans;2;Brooklyn Bridegrooms;0;NL;Tim Donahue
May 25, 1899;Deacon Phillippe;Louisville Colonels;7;New York Giants;0;NL;Malachi Kittridge
August 7, 1899;Vic Willis dagger;Boston Beaneaters;7;Washington Senators;1;NL;Marty Bergen
July 12, 1900;Noodles Hahn;Cincinnati Reds;4;Philadelphia Phillies;0;NL;Heinie Peitz (2)
July 15, 1901;Christy Mathewson (1)dagger;New York Giants;5;St. Louis Cardinals;0;NL;Jack Warner
September 20, 1902;Nixey Callahan;Chicago White Sox;3;Detroit Tigers;0;AL;Ed McFarland (2)
September 18, 1903;Chick Fraser;Philadelphia Phillies;10;Chicago Cubs;0;NL;Chief Zimmer (2)
May 5, 1904;Cy Young (2)dagger;Boston Americans;3;Philadelphia Athletics;0;AL;Lou Criger (1)
August 17, 1904;Jesse Tannehill;Boston Americans;6;Chicago White Sox;0;AL;Duke Farrell
June 13, 1905;Christy Mathewson (2)dagger;New York Giants;1;Chicago Cubs;0;NL;Frank Bowerman
July 22, 1905;Weldon Henley;Philadelphia Athletics;6;St. Louis Browns;0;AL;Harry Barton
September 6, 1905;Frank Smith (1);Chicago White Sox;15;Detroit Tigers;0;AL;Ed McFarland (3)
September 27, 1905;Bill Dinneen;Boston Americans;2;Chicago White Sox;0;AL;Lou Criger (2)
May 1, 1906;Johnny Lush;Philadelphia Phillies;6;Brooklyn Superbas;0;NL;Red Dooin
July 20, 1906;Mal Eason;Brooklyn Superbas;2;St. Louis Cardinals;0;NL;Lew Ritter
May 8, 1907;Big Jeff Pfeffer;Boston Doves;6;Cincinnati Reds;0;NL;Sam Brown
September 20, 1907;Nick Maddox;Pittsburgh Pirates;2;Brooklyn Superbas;1;NL;George Gibson
June 30, 1908;Cy Young (3)dagger;Boston Red Sox;8;New York Highlanders;0;AL;Lou Criger (3)
July 4, 1908;Hooks Wiltse;New York Giants;1;Philadelphia Phillies;0;NL;Roger Bresnahan dagger
September 5, 1908;Nap Rucker;Brooklyn Superbas;6;Boston Doves;0;NL;Bill Bergen
September 18, 1908;Bob Rhoads;Cleveland Naps;2;Boston Red Sox;1;AL;Harry Bemis
September 20, 1908;Frank Smith (2);Chicago White Sox;1;Philadelphia Athletics;0;AL;Billy Sullivan
October 2, 1908;Addie Joss (1)dagger;Cleveland Naps;1;Chicago White Sox;0;AL;Nig Clarke (1)
April 20, 1910;Addie Joss (2)dagger;Cleveland Naps;1;Chicago White Sox;0;AL;Nig Clarke (2)
May 12, 1910;Chief Bender dagger;Philadelphia Athletics;4;Cleveland Naps;0;AL;Ira Thomas
July 29, 1911;Smoky Joe Wood;Boston Red Sox;5;St. Louis Browns;0;AL;Bill Carrigan(1)
August 27, 1911;Ed Walsh dagger;Chicago White Sox;5;Boston Red Sox;0;AL;Bruno Block
July 4, 1912;George Mullin;Detroit Tigers;7;St. Louis Browns;0;AL;Oscar Stanage
August 30, 1912;Earl Hamilton;St. Louis Browns;5;Detroit Tigers;1;AL;Walt Alexander
September 6, 1912;Jeff Tesreau;New York Giants;3;Philadelphia Phillies;0;NL;Art Wilson (1)
May 31, 1914;Joe Benz;Chicago White Sox;6;Cleveland Naps;1;AL;Ray Schalk (1)dagger
September 9, 1914;Iron Davis;Boston Braves;7;Philadelphia Phillies;0;NL;Hank Gowdy
September 19, 1914;Ed Lafitte;Brooklyn Tip-Tops;6;Kansas City Packers;2;FL;Yip Owens
April 15, 1915;Rube Marquard dagger;New York Giants;2;Brooklyn Robins;0;NL;Chief Meyers
April 24, 1915;Frank Allen;Pittsburgh Rebels;2;St. Louis Terriers;0;FL;Claude Berry
May 15, 1915;Claude Hendrix;Chicago Chi-Feds/Whales;10;Pittsburgh Rebels;0;FL;Art Wilson (2)
August 16, 1915;Alex Main;Kansas City Packers;5;Buffalo Buffeds/Blues;0;FL;Ted Easterly
August 31, 1915;Jimmy Lavender;Chicago Cubs;2;New York Giants;0;NL;Jimmy Archer
September 7, 1915;Dave Davenport;St. Louis Terriers;3;Chicago Chi-Feds/Whales;0;FL;Grover Hartley
June 16, 1916;Tom L. Hughes;Boston Braves;2;Pittsburgh Pirates;0;NL;Walt Tragesser
June 21, 1916;Rube Foster;Boston Red Sox;2;New York Yankees;0;AL;Bill Carrigan (2)
August 26, 1916;Bullet Joe Bush;Philadelphia Athletics;5;Cleveland Indians;0;AL;Val Picinich (1)
August 30, 1916;Dutch Leonard (1);Boston Red Sox;4;St. Louis Browns;0;AL;Bill Carrigan (3)
April 14, 1917;Eddie Cicotte;Chicago White Sox;11;St. Louis Browns;0;AL;Ray Schalk (2)dagger
April 24, 1917;George Mogridge;New York Yankees;2;Boston Red Sox;1;AL;Les Nunamaker
May 2, 1917;Fred Toney;Cincinnati Reds;1;Chicago Cubs;0;NL;Emil Huhn
May 5, 1917;Ernie Koob;St. Louis Browns;1;Chicago White Sox;0;AL;Hank Severeid (1)
May 6, 1917;Bob Groom;St. Louis Browns;3;Chicago White Sox;0;AL;Hank Severeid (2)
June 23, 1917;Babe Ruth (0 IP) dagger and Ernie Shore (9 IP);Boston Red Sox;4;Washington Senators;0;AL;Pinch Thomas (0 IP) and Sam Agnew (9 IP)
June 3, 1918;Dutch Leonard (2);Boston Red Sox;5;Detroit Tigers;0;AL;Wally Schang
May 11, 1919;Hod Eller;Cincinnati Reds;6;St. Louis Cardinals;0;NL;Bill Rariden
September 10, 1919;Ray Caldwell;Cleveland Indians;3;New York Yankees;0;AL;Steve O'Neill
July 1, 1920;Walter Johnson dagger;Washington Senators;1;Boston Red Sox;0;AL;Val Picinich (2)
April 30, 1922;Charlie Robertson;Chicago White Sox;2;Detroit Tigers;0;AL;Ray Schalk (3)dagger
May 7, 1922;Jesse Barnes;New York Giants;6;Philadelphia Phillies;0;NL;Earl Smith
September 4, 1923;Sad Sam Jones;New York Yankees;2;Philadelphia Athletics;0;AL;Fred Hofmann
September 7, 1923;Howard Ehmke;Boston Red Sox;4;Philadelphia Athletics;0;AL;Val Picinich (3)
July 17, 1924;Jesse Haines dagger;St. Louis Cardinals;5;Boston Braves;0;NL;Mike González
September 13, 1925;Dazzy Vance dagger;Brooklyn Robins;10;Philadelphia Phillies;1;NL;Hank DeBerry
August 21, 1926;Ted Lyons dagger;Chicago White Sox;6;Boston Red Sox;0;AL;Johnny Grabowski
May 8, 1929;Carl Hubbell dagger;New York Giants;11;Pittsburgh Pirates;0;NL;Bob O'Farrell
April 29, 1931;Wes Ferrell;Cleveland Indians;9;St. Louis Browns;0;AL;Luke Sewell (1)
August 8, 1931;Bobby Burke;Washington Senators;5;Boston Red Sox;0;AL;Roy Spencer
September 21, 1934;Paul Dean;St. Louis Cardinals;3;Brooklyn Dodgers;0;NL;Bill DeLancey
August 31, 1935;Vern Kennedy;Chicago White Sox;5;Cleveland Indians;0;AL;Luke Sewell (2)
June 1, 1937;Bill Dietrich;Chicago White Sox;8;St. Louis Browns;0;AL;Luke Sewell (3)
June 11, 1938;Johnny Vander Meer (1);Cincinnati Reds;3;Boston Bees;0;NL;Ernie Lombardi (1)dagger
June 15, 1938;Johnny Vander Meer (2);Cincinnati Reds;6;Brooklyn Dodgers;0;NL;Ernie Lombardi (2)dagger
August 27, 1938;Monte Pearson;New York Yankees;13;Cleveland Indians;0;AL;Joe Glenn
April 16, 1940;Bob Feller (1) dagger;Cleveland Indians;1;Chicago White Sox;0;AL;Rollie Hemsley
April 30, 1940;Tex Carleton;Brooklyn Dodgers;3;Cincinnati Reds;0;NL;Herman Franks
August 30, 1941;Lon Warneke;St. Louis Cardinals;2;Cincinnati Reds;0;NL;Walker Cooper (1)
April 27, 1944;Jim Tobin;Boston Braves;2;Brooklyn Dodgers;0;NL;Phil Masi
May 15, 1944;Clyde Shoun;Cincinnati Reds;1;Boston Braves;0;NL;Ray Mueller
September 9, 1945;Dick Fowler;Philadelphia Athletics;1;St. Louis Browns;0;AL;Buddy Rosar (1)
April 23, 1946;Ed Head;Brooklyn Dodgers;5;Boston Braves;0;NL;Ferrell Anderson
April 30, 1946;Bob Feller (2)dagger;Cleveland Indians;1;New York Yankees;0;AL;Frankie Hayes
June 18, 1947;Ewell Blackwell;Cincinnati Reds;6;Boston Braves;0;NL;Ray Lamanno
July 10, 1947;Don Black;Cleveland Indians;3;Philadelphia Athletics;0;AL;Jim Hegan (1)
September 3, 1947;Bill McCahan;Philadelphia Athletics;3;Washington Senators;0;AL;Buddy Rosar (2)
June 30, 1948;Bob Lemon dagger;Cleveland Indians;2;Detroit Tigers;0;AL;Jim Hegan (2)
September 9, 1948;Rex Barney;Brooklyn Dodgers;2;New York Giants;0;NL;Bruce Edwards
August 11, 1950;Vern Bickford;Boston Braves;7;Brooklyn Dodgers;0;NL;Walker Cooper (2)
May 6, 1951;Cliff Chambers;Pittsburgh Pirates;3;Boston Braves;0;NL;Ed Fitz Gerald
July 1, 1951;Bob Feller (3)dagger;Cleveland Indians;2;Detroit Tigers;1;AL;Jim Hegan (3)
July 12, 1951;Allie Reynolds (1);New York Yankees;1;Cleveland Indians;0;AL;Yogi Berra (1)dagger
September 28, 1951;Allie Reynolds (2);New York Yankees;8;Boston Red Sox;0;AL;Yogi Berra (2)dagger
May 15, 1952;Virgil Trucks (1);Detroit Tigers;1;Washington Senators;0;AL;Joe Ginsberg
June 19, 1952;Carl Erskine (1);Brooklyn Dodgers;5;Chicago Cubs;0;NL;Roy Campanella (1)dagger
August 25, 1952;Virgil Trucks (2);Detroit Tigers;1;New York Yankees;0;AL;Matt Batts
May 6, 1953;Bobo Holloman;St. Louis Browns;6;Philadelphia Athletics;0;AL;Les Moss
June 12, 1954;Jim Wilson;Milwaukee Braves;2;Philadelphia Phillies;0;NL;Del Crandall (1)
May 12, 1955;Sam Jones;Chicago Cubs;4;Pittsburgh Pirates;0;NL;Clyde McCullough
May 12, 1956;Carl Erskine (2);Brooklyn Dodgers;3;New York Giants;0;NL;Roy Campanella (2)dagger
July 14, 1956;Mel Parnell;Boston Red Sox;4;Chicago White Sox;0;AL;Sammy White
September 25, 1956;Sal Maglie;Brooklyn Dodgers;5;Philadelphia Phillies;0;NL;Roy Campanella (3)dagger
October 8, 1956;Don Larsen;New York Yankees (AL);2;Brooklyn Dodgers (NL);0;WS;Yogi Berra (3)dagger
August 20, 1957;Bob Keegan;Chicago White Sox;6;Washington Senators;0;AL;Sherm Lollar
July 20, 1958;Jim Bunning (1)dagger;Detroit Tigers;3;Boston Red Sox;0;AL;Red Wilson
September 20, 1958;Hoyt Wilhelm dagger;Baltimore Orioles;1;New York Yankees;0;AL;Gus Triandos (1)
May 15, 1960;Don Cardwell;Chicago Cubs;4;St. Louis Cardinals;0;NL;Del Rice
August 18, 1960;Lew Burdette;Milwaukee Braves;1;Philadelphia Phillies;0;NL;Del Crandall (2)
September 16, 1960;Warren Spahn (1)dagger;Milwaukee Braves;4;Philadelphia Phillies;0;NL;Del Crandall (3)
April 28, 1961;Warren Spahn (2)dagger;Milwaukee Braves;1;San Francisco Giants;0;NL;Charley Lau
May 5, 1962;Bo Belinsky;Los Angeles Angels;2;Baltimore Orioles;0;AL;Buck Rodgers
June 26, 1962;Earl Wilson;Boston Red Sox;2;Los Angeles Angels;0;AL;Bob Tillman (1)
June 30, 1962;Sandy Koufax (1)dagger;Los Angeles Dodgers;5;New York Mets;0;NL;Johnny Roseboro (1)
August 1, 1962;Bill Monbouquette;Boston Red Sox;1;Chicago White Sox;0;AL;Jim Pagliaroni (1)
August 26, 1962;Jack Kralick;Minnesota Twins;1;Kansas City Athletics;0;AL;Earl Battey
May 11, 1963;Sandy Koufax (2)dagger;Los Angeles Dodgers;8;San Francisco Giants;0;NL;Johnny Roseboro (2)
May 17, 1963;Don Nottebart;Houston Colt .45s;4;Philadelphia Phillies;1;NL;John Bateman (1)
June 15, 1963;Juan Marichal dagger;San Francisco Giants;1;Houston Colt .45s;0;NL;Ed Bailey
April 23, 1964;Ken Johnson;Houston Colt .45s;0;Cincinnati Reds;1;NL;Jerry Grote
June 4, 1964;Sandy Koufax (3)dagger;Los Angeles Dodgers;3;Philadelphia Phillies;0;NL;Doug Camilli
June 21, 1964;Jim Bunning (2)dagger;Philadelphia Phillies;6;New York Mets;0;NL;Gus Triandos (2)
August 19, 1965;Jim Maloney (1);Cincinnati Reds;1;Chicago Cubs;0;NL;Johnny Edwards (1)
September 9, 1965;Sandy Koufax (4)dagger;Los Angeles Dodgers;1;Chicago Cubs;0;NL;Jeff Torborg (1)
September 16, 1965;Dave Morehead;Boston Red Sox;2;Cleveland Indians;0;AL;Bob Tillman (2)
June 10, 1966;Sonny Siebert;Cleveland Indians;2;Washington Senators;0;AL;Joe Azcue (1)
April 30, 1967;Steve Barber (?8 2?3 IP) and Stu Miller (?1?3 IP);Baltimore Orioles;1;Detroit Tigers;2;AL;Andy Etchebarren (8 IP) and Larry Haney (1 IP)
June 18, 1967;Don Wilson (1);Houston Astros;2;Atlanta Braves;0;NL;Dave Adlesh
August 25, 1967;Dean Chance;Minnesota Twins;2;Cleveland Indians;1;AL;Jerry Zimmerman
September 10, 1967;Joel Horlen;Chicago White Sox;6;Detroit Tigers;0;AL;J. C. Martin
April 27, 1968;Tom Phoebus;Baltimore Orioles;6;Boston Red Sox;0;AL;Curt Blefary
May 8, 1968;Catfish Hunter dagger;Oakland Athletics;4;Minnesota Twins;0;AL;Jim Pagliaroni (2)
July 29, 1968;George Culver;Cincinnati Reds;6;Philadelphia Phillies;1;NL;Pat Corrales
September 17, 1968;Gaylord Perry dagger;San Francisco Giants;1;St. Louis Cardinals;0;NL;Dick Dietz
September 18, 1968;Ray Washburn;St. Louis Cardinals;2;San Francisco Giants;0;NL;Johnny Edwards (2)
April 17, 1969;Bill Stoneman (1);Montreal Expos;7;Philadelphia Phillies;0;NL;John Bateman (2)
April 30, 1969;Jim Maloney (2);Cincinnati Reds;10;Houston Astros;0;NL;Johnny Bench dagger
May 1, 1969;Don Wilson (2);Houston Astros;4;Cincinnati Reds;0;NL;Don Bryant
August 13, 1969;Jim Palmer dagger;Baltimore Orioles;8;Oakland Athletics;0;AL;Ellie Hendricks
August 19, 1969;Ken Holtzman (1);Chicago Cubs;3;Atlanta Braves;0;NL;Bill Heath (?7 2?3 IP) and Gene Oliver (?1 1?3 IP)
September 20, 1969;Bob Moose;Pittsburgh Pirates;4;New York Mets;0;NL;Manny Sanguillén
June 12, 1970;Dock Ellis;Pittsburgh Pirates;2;San Diego Padres;0;NL;Jerry May
July 3, 1970;Clyde Wright;California Angels;4;Oakland Athletics;0;AL;Joe Azcue (2)
July 20, 1970;Bill Singer;Los Angeles Dodgers;5;Philadelphia Phillies;0;NL;Jeff Torborg (2)
September 21, 1970;Vida Blue (1);Oakland Athletics;6;Minnesota Twins;0;AL;Gene Tenace (1)
June 3, 1971;Ken Holtzman (2);Chicago Cubs;1;Cincinnati Reds;0;NL;Danny Breeden
June 23, 1971;Rick Wise;Philadelphia Phillies;4;Cincinnati Reds;0;NL;Tim McCarver (1)
August 14, 1971;Bob Gibson dagger;St. Louis Cardinals;11;Pittsburgh Pirates;0;NL;Ted Simmons (1)
April 16, 1972;Burt Hooton;Chicago Cubs;4;Philadelphia Phillies;0;NL;Randy Hundley (1)
September 2, 1972;Milt Pappas;Chicago Cubs;8;San Diego Padres;0;NL;Randy Hundley (2)
October 2, 1972;Bill Stoneman (2);Montreal Expos;7;New York Mets;0;NL;Tim McCarver (2)
April 27, 1973;Steve Busby (1);Kansas City Royals;3;Detroit Tigers;0;AL;Fran Healy (1)
May 15, 1973;Nolan Ryan (1)dagger;California Angels;3;Kansas City Royals;0;AL;Jeff Torborg (3)
July 15, 1973;Nolan Ryan (2)dagger;California Angels;6;Detroit Tigers;0;AL;Art Kusnyer
July 30, 1973;Jim Bibby;Texas Rangers;6;Oakland Athletics;0;AL;Dick Billings
August 5, 1973;Phil Niekro dagger;Atlanta Braves;9;San Diego Padres;0;NL;Paul Casanova
June 19, 1974;Steve Busby (2);Kansas City Royals;2;Milwaukee Brewers;0;AL;Fran Healy (2)
July 19, 1974;Dick Bosman;Cleveland Indians;4;Oakland Athletics;0;AL;John Ellis
September 28, 1974;Nolan Ryan (3)dagger;California Angels;4;Minnesota Twins;0;AL;Tom Egan
June 1, 1975;Nolan Ryan (4)dagger;California Angels;1;Baltimore Orioles;0;AL;Ellie Rodríguez
August 24, 1975;Ed Halicki;San Francisco Giants;6;New York Mets;0;NL;Dave Rader
September 28, 1975;Vida Blue (2) (5 IP), Glenn Abbott (1 IP), Paul Lindblad (1 IP) and Rollie Fingers (2 IP)dagger;Oakland Athletics;5;California Angels;0;AL;Gene Tenace (2) (6 IP) and Ray Fosse (1) (3 IP)
July 9, 1976;Larry Dierker;Houston Astros;6;Montreal Expos;0;NL;Ed Herrmann
July 28, 1976;Blue Moon Odom (5 IP) and Francisco Barrios (4 IP);Chicago White Sox;2;Oakland Athletics;1;AL;Jim Essian
August 9, 1976;John Candelaria;Pittsburgh Pirates;2;Los Angeles Dodgers;0;NL;Duffy Dyer
September 29, 1976;John Montefusco;San Francisco Giants;9;Atlanta Braves;0;NL;Gary Alexander
May 14, 1977;Jim Colborn;Kansas City Royals;6;Texas Rangers;0;AL;Darrell Porter (1)
May 30, 1977;Dennis Eckersley dagger;Cleveland Indians;1;California Angels;0;AL;Ray Fosse (2)
September 22, 1977;Bert Blyleven dagger;Texas Rangers;6;California Angels;0;AL;Jim Sundberg
April 16, 1978;Bob Forsch (1);St. Louis Cardinals;5;Philadelphia Phillies;0;NL;Ted Simmons (2)
June 16, 1978;Tom Seaver dagger;Cincinnati Reds;4;St. Louis Cardinals;0;NL;Don Werner
April 7, 1979;Ken Forsch;Houston Astros;6;Atlanta Braves;0;NL;Alan Ashby (1)
June 27, 1980;Jerry Reuss;Los Angeles Dodgers;8;San Francisco Giants;0;NL;Steve Yeager
May 10, 1981;Charlie Lea;Montreal Expos;4;San Francisco Giants;0;NL;Gary Carter dagger
May 15, 1981;Len Barker;Cleveland Indians;3;Toronto Blue Jays;0;AL;Ron Hassey (1)
September 26, 1981;Nolan Ryan (5)dagger;Houston Astros;5;Los Angeles Dodgers;0;NL;Alan Ashby (2)
July 4, 1983;Dave Righetti;New York Yankees;4;Boston Red Sox;0;AL;Butch Wynegar
September 26, 1983;Bob Forsch (2);St. Louis Cardinals;3;Montreal Expos;0;NL;Darrell Porter (2)
September 29, 1983;Mike Warren;Oakland Athletics;3;Chicago White Sox;0;AL;Mike Heath
April 7, 1984;Jack Morris dagger;Detroit Tigers;4;Chicago White Sox;0;AL;Lance Parrish (1)
September 30, 1984;Mike Witt (1);California Angels;1;Texas Rangers;0;AL;Bob Boone
September 19, 1986;Joe Cowley;Chicago White Sox;7;California Angels;1;AL;Ron Karkovice (1)
September 25, 1986;Mike Scott;Houston Astros;2;San Francisco Giants;0;NL;Alan Ashby (3)
April 15, 1987;Juan Nieves;Milwaukee Brewers;7;Baltimore Orioles;0;AL;Bill Schroeder
September 16, 1988;Tom Browning;Cincinnati Reds;1;Los Angeles Dodgers;0;NL;Jeff Reed
April 11, 1990;Mark Langston (7 IP) and Mike Witt (2) (2 IP);California Angels;1;Seattle Mariners;0;AL;Lance Parrish (2)
June 2, 1990;Randy Johnson (1)dagger;Seattle Mariners;2;Detroit Tigers;0;AL;Scott Bradley
June 11, 1990;Nolan Ryan (6)dagger;Texas Rangers;5;Oakland Athletics;0;AL;John Russell
June 29, 1990;Dave Stewart;Oakland Athletics;5;Toronto Blue Jays;0;AL;Terry Steinbach (1)
June 29, 1990;Fernando Valenzuela;Los Angeles Dodgers;6;St. Louis Cardinals;0;NL;Mike Scioscia (1)
August 15, 1990;Terry Mulholland;Philadelphia Phillies;6;San Francisco Giants;0;NL;Darren Daulton
September 2, 1990;Dave Stieb;Toronto Blue Jays;3;Cleveland Indians;0;AL;Pat Borders
May 1, 1991;Nolan Ryan (7)dagger;Texas Rangers;3;Toronto Blue Jays;0;AL;Mike Stanley
May 23, 1991;Tommy Greene;Philadelphia Phillies;2;Montreal Expos;0;NL;Darrin Fletcher
July 13, 1991;Bob Milacki (6 IP), Mike Flanagan (1 IP), Mark Williamson (1 IP) and Gregg Olson (1 IP);Baltimore Orioles;2;Oakland Athletics;0;AL;Chris Hoiles
July 28, 1991;Dennis Martínez;Montreal Expos;2;Los Angeles Dodgers;0;NL;Ron Hassey (2)
August 11, 1991;Wilson Álvarez;Chicago White Sox;7;Baltimore Orioles;0;AL;Ron Karkovice (2)
August 26, 1991;Bret Saberhagen;Kansas City Royals;7;Chicago White Sox;0;AL;Brent Mayne
September 11, 1991;Kent Mercker (1) (6 IP), Mark Wohlers (2 IP) and Alejandro Peña (1 IP);Atlanta Braves;1;San Diego Padres;0;NL;Greg Olson
August 17, 1992;Kevin Gross;Los Angeles Dodgers;2;San Francisco Giants;0;NL;Mike Scioscia (2)
April 22, 1993;Chris Bosio;Seattle Mariners;2;Boston Red Sox;0;AL;Dave Valle
September 4, 1993;Jim Abbott;New York Yankees;4;Cleveland Indians;0;AL;Matt Nokes
September 8, 1993;Darryl Kile;Houston Astros;7;New York Mets;1;NL;Scott Servais (1)
April 8, 1994;Kent Mercker (2);Atlanta Braves;6;Los Angeles Dodgers;0;NL;Javy Lopez
April 27, 1994;Scott Erickson;Minnesota Twins;6;Milwaukee Brewers;0;AL;Matt Walbeck
July 28, 1994;Kenny Rogers;Texas Rangers;4;California Angels;0;AL;Iván Rodríguez (1)dagger
July 14, 1995;Ramón Martínez;Los Angeles Dodgers;7;Florida Marlins;0;NL;Mike Piazza (1)dagger
May 11, 1996;Al Leiter;Florida Marlins;11;Colorado Rockies;0;NL;Charles Johnson (1)
May 14, 1996;Dwight Gooden;New York Yankees;2;Seattle Mariners;0;AL;Joe Girardi (1)
September 17, 1996;Hideo Nomo (1);Los Angeles Dodgers;9;Colorado Rockies;0;NL;Mike Piazza (2)dagger
June 10, 1997;Kevin Brown;Florida Marlins;9;San Francisco Giants;0;NL;Charles Johnson (2)
July 12, 1997;Francisco Córdova (9 IP) and Ricardo Rincón (1 IP);Pittsburgh Pirates;3;Houston Astros;0;NL;Jason Kendall
May 17, 1998;David Wells;New York Yankees;4;Minnesota Twins;0;AL;Jorge Posada
June 25, 1999;José Jiménez;St. Louis Cardinals;1;Arizona Diamondbacks;0;NL;Alberto Castillo
July 18, 1999;David Cone;New York Yankees (AL);6;Montreal Expos (NL);0;Inter;Joe Girardi (2)
September 11, 1999;Eric Milton;Minnesota Twins;7;Anaheim Angels;0;AL;Terry Steinbach (2)
April 4, 2001;Hideo Nomo (2);Boston Red Sox;3;Baltimore Orioles;0;AL;Jason Varitek (1)
May 12, 2001;A. J. Burnett;Florida Marlins;3;San Diego Padres;0;NL;Charles Johnson (3)
September 3, 2001;Bud Smith;St. Louis Cardinals;4;San Diego Padres;0;NL;Eli Marrero
April 27, 2002;Derek Lowe;Boston Red Sox;10;Tampa Bay Devil Rays;0;AL;Jason Varitek (2)
April 27, 2003;Kevin Millwood (1);Philadelphia Phillies;1;San Francisco Giants;0;NL;Mike Lieberthal
June 11, 2003;Roy Oswalt (1 IP), Pete Munro (?2 2?3 IP), Kirk Saarloos (?1 1?3 IP), Brad Lidge (2 IP), Octavio Dotel (1 IP) and Billy Wagner (1 IP);Houston Astros (NL);8;New York Yankees (AL);0;Inter;Brad Ausmus
May 18, 2004;Randy Johnson (2)dagger;Arizona Diamondbacks;2;Atlanta Braves;0;NL;Robby Hammock
September 6, 2006;Aníbal Sánchez double-dagger;Florida Marlins;2;Arizona Diamondbacks;0;NL;Miguel Olivo (1)
April 18, 2007;Mark Buehrle (1);Chicago White Sox;6;Texas Rangers;0;AL;A. J. Pierzynski (1)
June 12, 2007;Justin Verlander (1)double-dagger;Detroit Tigers (AL);4;Milwaukee Brewers (NL);0;Inter;Iván Rodríguez (2)dagger
September 1, 2007;Clay Buchholz double-dagger;Boston Red Sox;10;Baltimore Orioles;0;AL;Jason Varitek (3)
May 19, 2008;Jon Lester double-dagger;Boston Red Sox;7;Kansas City Royals;0;AL;Jason Varitek (4)
September 14, 2008;Carlos Zambrano;Chicago Cubs;5;Houston Astros;0;NL;Geovany Soto double-dagger
July 10, 2009;Jonathan Sánchez;San Francisco Giants;8;San Diego Padres;0;NL;Eli Whiteside
July 23, 2009;Mark Buehrle (2);Chicago White Sox;5;Tampa Bay Rays;0;AL;Ramón Castro
April 17, 2010;Ubaldo Jiménez double-dagger;Colorado Rockies;4;Atlanta Braves;0;NL;Miguel Olivo (2)
May 9, 2010;Dallas Braden;Oakland Athletics;4;Tampa Bay Rays;0;AL;Landon Powell
May 29, 2010;Roy Halladay (1) dagger;Philadelphia Phillies;1;Florida Marlins;0;NL;Carlos Ruiz (1) double-dagger
June 25, 2010;Edwin Jackson double-dagger;Arizona Diamondbacks (NL);1;Tampa Bay Rays (AL);0;Inter;Miguel Montero (1)
July 26, 2010;Matt Garza double-dagger;Tampa Bay Rays;5;Detroit Tigers;0;AL;Kelly Shoppach
October 6, 2010;Roy Halladay (2) dagger;Philadelphia Phillies;4;Cincinnati Reds;0;NL;Carlos Ruiz (2) double-dagger
May 3, 2011;Francisco Liriano double-dagger;Minnesota Twins;1;Chicago White Sox;0;AL;Drew Butera (1) double-dagger
May 7, 2011;Justin Verlander (2)double-dagger;Detroit Tigers;9;Toronto Blue Jays;0;AL;Alex Avila double-dagger
July 27, 2011;Ervin Santana double-dagger;Los Angeles Angels of Anaheim;3;Cleveland Indians;1;AL;Bobby Wilson double-dagger
April 21, 2012;Philip Humber;Chicago White Sox;4;Seattle Mariners;0;AL;A. J. Pierzynski (2)
May 2, 2012;Jered Weaver;Los Angeles Angels of Anaheim;9;Minnesota Twins;0;AL;Chris Iannetta double-dagger
June 1, 2012;Johan Santana;New York Mets;8;St. Louis Cardinals;0;NL;Josh Thole double-dagger
June 8, 2012;Kevin Millwood (2) (6 IP), Charlie Furbush (?2?3 IP), Stephen Pryor (?1?3 IP), Lucas Luetge (?1?3 IP)double-dagger, Brandon League (?2?3 IP) and Tom Wilhelmsen (1 IP);Seattle Mariners (AL);1;Los Angeles Dodgers (NL);0;Inter;Jesús Montero double-dagger
June 13, 2012;Matt Cain;San Francisco Giants;10;Houston Astros;0;NL;Buster Posey (1) double-dagger
August 15, 2012;Félix Hernández double-dagger;Seattle Mariners;1;Tampa Bay Rays;0;AL;John Jaso
September 28, 2012;Homer Bailey (1) double-dagger;Cincinnati Reds;1;Pittsburgh Pirates;0;NL;Ryan Hanigan (1) double-dagger
July 2, 2013;Homer Bailey (2) double-dagger;Cincinnati Reds;3;San Francisco Giants;0;NL;Ryan Hanigan (2) double-dagger
July 13, 2013;Tim Lincecum (1) double-dagger;San Francisco Giants;9;San Diego Padres;0;NL;Buster Posey (2) double-dagger
September 29, 2013;Henderson Álvarez double-dagger;Miami Marlins (NL);1;Detroit Tigers (AL);0;Inter;Koyie Hill
May 25, 2014;Josh Beckett;Los Angeles Dodgers;6;Philadelphia Phillies;0;NL;Drew Butera (2) double-dagger
June 18, 2014;Clayton Kershaw double-dagger;Los Angeles Dodgers;8;Colorado Rockies;0;NL;A. J. Ellis
June 25, 2014;Tim Lincecum (2) double-dagger;San Francisco Giants;4;San Diego Padres;0;NL;Héctor Sánchez double-dagger
September 1, 2014;Cole Hamels (1) (6 IP)double-dagger, Jake Diekman (1 IP)double-dagger, Ken Giles (1 IP)double-dagger and Jonathan Papelbon (1 IP);Philadelphia Phillies;7;Atlanta Braves;0;NL;Carlos Ruiz (3) double-dagger
September 28, 2014;Jordan Zimmermann double-dagger;Washington Nationals;1;Miami Marlins;0;NL;Wilson Ramos (1) double-dagger
June 9, 2015;Chris Heston double-dagger;San Francisco Giants;5;New York Mets;0;NL;Buster Posey (3) double-dagger
June 20, 2015;Max Scherzer (1) double-dagger;Washington Nationals;6;Pittsburgh Pirates;0;NL;Wilson Ramos (2) double-dagger
July 25, 2015;Cole Hamels (2) double-dagger;Philadelphia Phillies;5;Chicago Cubs;0;NL;Carlos Ruiz (4) double-dagger
August 12, 2015;Hisashi Iwakuma double-dagger;Seattle Mariners;3;Baltimore Orioles;0;AL;Jesús Sucre double-dagger
August 21, 2015;Mike Fiers (1) double-dagger;Houston Astros (AL);3;Los Angeles Dodgers (NL);0;Inter;Jason Castro double-dagger
August 30, 2015;Jake Arrieta (1) double-dagger;Chicago Cubs;2;Los Angeles Dodgers;0;NL;Miguel Montero (2)
October 3, 2015;Max Scherzer (2) double-dagger;Washington Nationals;2;New York Mets;0;NL;Wilson Ramos (3) double-dagger
April 21, 2016;Jake Arrieta (2) double-dagger;Chicago Cubs;16;Cincinnati Reds;0;NL;David Ross
June 3, 2017;Edinson Vólquez double-dagger;Miami Marlins;3;Arizona Diamondbacks;0;NL;J. T. Realmuto double-dagger
April 21, 2018;Sean Manaea double-dagger;Oakland Athletics;3;Boston Red Sox;0;AL;Jonathan Lucroy double-dagger
May 4, 2018;Walker Buehler (6 IP)double-dagger , Tony Cingrani (1 IP)double-dagger, Yimi García (1 IP)double-dagger and Adam Liberatore (1 IP)double-dagger;Los Angeles Dodgers;4;San Diego Padres;0;NL;Yasmani Grandal double-dagger
May 8, 2018;James Paxton double-dagger;Seattle Mariners;5;Toronto Blue Jays;0;AL;Mike Zunino double-dagger
May 7, 2019;Mike Fiers (2) double-dagger;Oakland Athletics (AL);2;Cincinnati Reds (NL);0;Inter;Josh Phegley double-dagger
July 12, 2019;Taylor Cole (2 IP)double-dagger and Félix Peña (7 IP)double-dagger;Los Angeles Angels;13;Seattle Mariners;0;AL;Dustin Garneau double-dagger
