,team,player_number,club,position,fifa_name,birth,name,height,weight
0,Argentina,1,Tigres UANL (MEX),GK,GUZMAN Nahuel,1986-10-02,GUZMÁN,192,90
1,Argentina,2,Sevilla FC (ESP),DF,MERCADO Gabriel,1987-03-18,MERCADO,181,81
2,Argentina,3,AFC Ajax (NED),DF,TAGLIAFICO Nicolas,1992-08-31,TAGLIAFICO,169,65
3,Argentina,4,Torino FC (ITA),DF,ANSALDI Cristian,1986-09-20,ANSALDI,181,73
4,Argentina,5,AC Milan (ITA),MF,BIGLIA Lucas,1986-01-30,BIGLIA,175,73
5,Argentina,6,AS Roma (ITA),DF,FAZIO Federico,1987-03-17,FAZIO,199,85
6,Argentina,7,Sevilla FC (ESP),MF,BANEGA Ever,1988-06-29,BANEGA,175,73
7,Argentina,8,Sporting CP (POR),DF,ACUNA Marcos,1991-10-28,ACUÑA,172,77
8,Argentina,9,Juventus FC (ITA),FW,HIGUAIN Gonzalo,1987-10-12,HIGUAÍN,184,75
9,Argentina,10,FC Barcelona (ESP),FW,MESSI Lionel,1987-06-24,MESSI,170,72
10,Argentina,11,Paris Saint-Germain FC (FRA),MF,DI MARIA Angel,1988-02-14,DI MARÍA,178,75
11,Argentina,12,CA River Plate (ARG),GK,ARMANI Franco,1986-10-16,ARMANI,189,85
12,Argentina,13,CA Independiente (ARG),MF,MEZA Maximiliano,1992-12-15,MEZA,180,76
13,Argentina,14,Hebei China Fortune FC (CHN),DF,MASCHERANO Javier,1984-08-06,MASCHERANO,174,73
14,Argentina,15,West Ham United FC (ENG),MF,LANZINI Manuel,1993-02-15,LANZINI,167,66
15,Argentina,16,Manchester United FC (ENG),DF,ROJO Marcos,1990-03-20,ROJO,189,82
16,Argentina,17,Manchester City FC (ENG),DF,OTAMENDI Nicolas,1988-12-02,OTAMENDI,181,81
17,Argentina,18,SL Benfica (POR),DF,SALVIO Eduardo,1990-07-13,SALVIO,167,69
18,Argentina,19,Manchester City FC (ENG),FW,AGUERO Sergio,1988-02-06,AGÜERO,172,74
19,Argentina,20,Paris Saint-Germain FC (FRA),MF,LO CELSO Giovani,1996-09-04,LO CELSO,177,75
20,Argentina,21,Juventus FC (ITA),FW,DYBALA Paulo,1993-11-15,DYBALA,177,73
21,Argentina,22,CA Boca Juniors (ARG),MF,PAVON Cristian,1996-01-21,PAVÓN,169,65
22,Argentina,23,Chelsea FC (ENG),GK,CABALLERO Wilfredo,1981-09-28,CABALLERO,186,80
23,Australia,1,Brighton & Hove Albion FC (ENG),GK,RYAN Mathew,1992-08-04,RYAN,184,82
24,Australia,2,Yokohama F-Marinos (JPN),DF,DEGENEK Milos,1994-04-28,DEGENEK,187,85
25,Australia,3,Millwall FC (ENG),DF,MEREDITH James,1988-05-04,MEREDITH,179,71
26,Australia,4,Millwall FC (ENG),FW,CAHILL Tim,1979-06-12,CAHILL,180,76
27,Australia,5,Al Ahli SC (KSA),DF,MILLIGAN Mark,1985-04-08,MILLIGAN,178,78
28,Australia,6,Suwon Samsung Bluewings FC (KOR),DF,JURMAN Matthew,1989-08-12,JURMAN,190,83
29,Australia,7,Hertha BSC (GER),FW,LECKIE Mathew,1991-04-02,LECKIE,181,84
30,Australia,8,Queens Park Rangers FC (ENG),MF,LUONGO Massimo,1992-09-25,LUONGO,176,76
31,Australia,9,FC Luzern (SUI),FW,JURIC Tomi,1991-07-22,JURIC,190,80
32,Australia,10,VfL Bochum (GER),FW,KRUSE Robbie,1988-05-10,KRUSE,180,66
33,Australia,11,Urawa Reds (JPN),FW,NABBOUT Andrew,1992-12-17,NABBOUT,178,85
34,Australia,12,Feyenoord Rotterdam (NED),GK,JONES Brad,1982-03-19,JONES,193,87
35,Australia,13,Huddersfield Town FC (ENG),MF,MOOY Aaron,1990-09-15,MOOY,173,72
36,Australia,14,Hibernian FC (SCO),FW,MacLAREN Jamie,1993-07-29,MACLAREN,178,72
37,Australia,15,Aston Villa FC (ENG),MF,JEDINAK Mile,1984-03-08,JEDINAK,188,78
38,Australia,16,Bursaspor (TUR),DF,BEHICH Aziz,1990-12-16,BEHICH,170,63
39,Australia,17,Melbourne City FC (AUS),FW,ARZANI Daniel,1999-04-01,ARZANI,171,73
40,Australia,18,KRC Genk (BEL),GK,VUKOVIC Danny,1985-03-27,VUKOVIC,187,94
41,Australia,19,WS Wanderers FC (AUS),DF,RISDON Joshua,1992-07-27,RISDON,169,70
42,Australia,20,Grasshopper Club (SUI),DF,SAINSBURY Trent,1992-05-01,SAINSBURY,183,76
43,Australia,21,Newcastle United Jets FC (AUS),FW,PETRATOS Dimitrios,1992-10-11,PETRATOS,176,72
44,Australia,22,Hull City FC (ENG),MF,IRVINE Jackson,1993-07-03,IRVINE,180,77
45,Australia,23,Celtic FC (SCO),MF,ROGIC Tom,1992-12-16,ROGIC,189,88
46,Belgium,1,Chelsea FC (ENG),GK,COURTOIS Thibaut,1992-11-05,COURTOIS,199,91
47,Belgium,2,Tottenham Hotspur FC (ENG),DF,ALDERWEIRELD Toby,1989-02-03,ALDERWEIRELD,186,81
48,Belgium,3,FC Barcelona (ESP),DF,VERMAELEN Thomas,1985-11-14,VERMAELEN,183,80
49,Belgium,4,Manchester City FC (ENG),DF,KOMPANY Vincent,1986-10-04,KOMPANY,190,85
50,Belgium,5,Tottenham Hotspur FC (ENG),DF,VERTONGHEN Jan,1987-04-24,VERTONGHEN,189,86
51,Belgium,6,Tianjin Quanjian FC (CHN),MF,WITSEL Axel,1989-12-01,WITSEL,186,73
52,Belgium,7,Manchester City FC (ENG),MF,DE BRUYNE Kevin,1991-06-28,DE BRUYNE,181,70
53,Belgium,8,Manchester United FC (ENG),MF,FELLAINI Marouane,1987-11-22,FELLAINI,194,85
54,Belgium,9,Manchester United FC (ENG),FW,LUKAKU Romelu,1993-05-13,R. LUKAKU,190,94
55,Belgium,10,Chelsea FC (ENG),FW,HAZARD Eden,1991-07-01,E. HAZARD,173,74
56,Belgium,11,Dalian Yifang FC (CHN),MF,CARRASCO Yannick,1993-04-09,CARRASCO,180,67
57,Belgium,12,Liverpool FC (ENG),GK,MIGNOLET Simon,1988-06-03,MIGNOLET,193,87
58,Belgium,13,VfL Wolfsburg (GER),GK,CASTEELS Koen,1992-06-25,CASTEELS,197,86
59,Belgium,14,SSC Napoli (ITA),FW,MERTENS Dries,1987-06-05,MERTENS,169,61
60,Belgium,15,Paris Saint-Germain FC (FRA),DF,MEUNIER Thomas,1991-12-09,MEUNIER,190,88
61,Belgium,16,VfL Borussia Mönchengladbach (GER),MF,HAZARD Thorgan,1993-03-29,T. HAZARD,174,70
62,Belgium,17,AS Monaco (FRA),MF,TIELEMANS Youri,1997-07-05,TIELEMANS,176,72
63,Belgium,18,Real Sociedad (ESP),FW,JANUZAJ Adnan,1995-05-02,JANUZAJ,180,75
64,Belgium,19,Tottenham Hotspur FC (ENG),MF,DEMBELE Moussa,1987-07-16,DEMBELE,185,82
65,Belgium,20,Celtic FC (SCO),DF,BOYATA Dedryck,1990-11-28,BOYATA,188,84
66,Belgium,21,Borussia Dortmund (GER),FW,BATSHUAYI Michy,1993-02-10,BATSHUAYI,185,78
67,Belgium,22,West Bromwich Albion FC (ENG),MF,CHADLI Nacer,1989-02-08,CHADLI,187,85
68,Belgium,23,RSC Anderlecht (BEL),DF,DENDONCKER Leander,1995-04-15,DENDONCKER,188,76
69,Brazil,1,AS Roma (ITA),GK,ALISSON,1992-02-10,A. BECKER,193,91
70,Brazil,2,Paris Saint-Germain FC (FRA),DF,THIAGO SILVA,1984-09-22,T. SILVA,183,79
71,Brazil,3,FC Internazionale (ITA),DF,MIRANDA,1984-07-09,MIRANDA,186,78
72,Brazil,4,Grêmio FBPA (BRA),DF,PEDRO GEROMEL,1985-09-21,GEROMEL,190,84
73,Brazil,5,Real Madrid CF (ESP),MF,CASEMIRO,1992-02-23,CASEMIRO,185,84
74,Brazil,6,Atletico Madrid (ESP),DF,FILIPE LUIS,1985-09-08,FILIPE LUIS,182,73
75,Brazil,7,Juventus FC (ITA),FW,DOUGLAS COSTA,1990-09-14,D. COSTA,182,70
76,Brazil,8,Beijing Guoan (CHN),MF,RENATO AUGUSTO,1988-08-02,R. AUGUSTO,186,86
77,Brazil,9,Manchester City FC (ENG),FW,GABRIEL JESUS,1997-03-04,G. JESUS,175,73
78,Brazil,10,Paris Saint-Germain FC (FRA),FW,NEYMAR,1992-05-02,NEYMAR JR,175,68
79,Brazil,11,FC Barcelona (ESP),MF,PHILIPPE COUTINHO,1992-12-06,P. COUTINHO,172,68
80,Brazil,12,Real Madrid CF (ESP),DF,MARCELO,1988-12-05,MARCELO,174,80
81,Brazil,13,Paris Saint-Germain FC (FRA),DF,MARQUINHOS,1994-05-14,MARQUINHOS,183,75
82,Brazil,14,Manchester City FC (ENG),DF,DANILO,1991-07-15,DANILO,184,78
83,Brazil,15,FC Barcelona (ESP),MF,PAULINHO,1988-07-25,PAULINHO,181,81
84,Brazil,16,SC Corinthians (BRA),GK,CASSIO,1987-06-06,CASSIO,195,92
85,Brazil,17,Manchester City FC (ENG),MF,FERNANDINHO,1985-04-05,FERNANDINHO,179,67
86,Brazil,18,FC Shakhtar Donetsk (UKR),MF,FRED,1993-05-03,FRED,169,64
87,Brazil,19,Chelsea FC (ENG),MF,WILLIAN,1988-09-08,WILLIAN,175,77
88,Brazil,20,Liverpool FC (ENG),FW,ROBERTO FIRMINO,1991-02-10,FIRMINO,181,76
89,Brazil,21,FC Shakhtar Donetsk (UKR),FW,TAISON,1988-01-13,TAISON,172,64
90,Brazil,22,SC Corinthians (BRA),DF,FAGNER,1989-11-06,FAGNER,168,67
91,Brazil,23,Manchester City FC (ENG),GK,EDERSON,1993-08-17,EDERSON,188,86
92,Colombia,1,Arsenal FC (ENG),GK,OSPINA David,1988-08-31,OSPINA,183,80
93,Colombia,2,AC Milan (ITA),DF,ZAPATA Cristian,1986-09-30,C. ZAPATA,187,82
94,Colombia,3,CF Pachuca (MEX),DF,MURILLO Oscar,1988-04-18,O. MURILLO,184,80
95,Colombia,4,PSV Eindhoven (NED),DF,ARIAS Santiago,1992-01-13,ARIAS,177,71
96,Colombia,5,CA Boca Juniors (ARG),MF,BARRIOS  Wilmar,1993-10-16,BARRIOS,178,74
97,Colombia,6,RCD Espanyol (ESP),MF,SANCHEZ Carlos,1986-06-02,C. SANCHEZ,182,82
98,Colombia,7,Villarreal CF (ESP),FW,BACCA Carlos,1986-08-09,BACCA,181,77
99,Colombia,8,AC Deportivo Cali (COL),MF,AGUILAR Abel,1985-06-01,AGUILAR T.,185,82
100,Colombia,9,AS Monaco (FRA),FW,FALCAO Radamel,1986-10-02,FALCAO,177,72
101,Colombia,10,FC Bayern München (GER),MF,RODRIGUEZ James,1991-12-07,JAMES,180,75
102,Colombia,11,Juventus FC (ITA),MF,CUADRADO Juan,1988-05-26,CUADRADO,179,72
103,Colombia,12,AC Deportivo Cali (COL),GK,VARGAS Camilo,1989-09-03,C. VARGAS,185,80
104,Colombia,13,FC Barcelona (ESP),DF,MINA Yerry,1994-09-23,Y. MINA,194,95
105,Colombia,14,Sevilla FC (ESP),FW,MURIEL Luis,1991-04-16,L. MURIEL,178,79
106,Colombia,15,Club América (MEX),MF,URIBE Mateus,1991-03-21,M. URIBE,182,71
107,Colombia,16,Levante UD (ESP),MF,LERMA Jefferson,1994-10-25,J. LERMA,179,70
108,Colombia,17,Girona FC (ESP),DF,MOJICA Johan,1992-08-21,J. MOJICA,185,66
109,Colombia,18,CA Boca Juniors (ARG),DF,FABRA Frank,1991-02-22,FABRA,172,72
110,Colombia,19,SE Palmeiras (BRA),FW,BORJA Miguel,1993-01-26,M. BORJA,183,74
111,Colombia,20,CA River Plate (ARG),MF,QUINTERO Juan,1993-01-18,J. QUINTERO,169,64
112,Colombia,21,Brighton & Hove Albion FC (ENG),FW,IZQUIERDO Jose,1992-07-07,IZQUIERDO,171,73
113,Colombia,22,CD Once Caldas (COL),GK,CUADRADO Jose,1985-01-06,J.F. CUADRADO,180,80
114,Colombia,23,Tottenham Hotspur FC (ENG),DF,SANCHEZ Davinson,1996-12-06,D. SANCHEZ,187,81
115,Costa Rica,1,Real Madrid CF (ESP),GK,NAVAS Keylor,1986-12-15,K. NAVAS,185,80
116,Costa Rica,2,Rionegro Águilas (COL),DF,ACOSTA Johnny,1983-07-21,J. ACOSTA,176,75
117,Costa Rica,3,Bologna FC (ITA),DF,GONZALEZ Giancarlo,1988-08-02,G. GONZALEZ,186,78
118,Costa Rica,4,IFK Norrkoping FK (SWE),DF,SMITH Ian,1998-06-03,I. SMITH,177,68
119,Costa Rica,5,Deportivo La Coruña (ESP),MF,BORGES Celso,1988-05-27,C. BORGES,187,79
120,Costa Rica,6,RCD Espanyol (ESP),DF,DUARTE Oscar,1989-03-06,O. DUARTE,186,81
121,Costa Rica,7,Deportivo Saprissa (CRC),MF,BOLANOS Christian,1984-05-17,C. BOLAÑOS,178,67
122,Costa Rica,8,Sunderland AFC (ENG),DF,OVIEDO Bryan,1990-02-18,B. OVIEDO,172,70
123,Costa Rica,9,Deportivo Saprissa (CRC),MF,COLINDRES Daniel,1985-10-01,D. COLINDRES,180,75
124,Costa Rica,10,Sporting CP (POR),MF,RUIZ Bryan,1985-08-18,BRYAN,187,73
125,Costa Rica,11,Deportivo Saprissa (CRC),FW,VENEGAS Johan,1988-11-27,J. VENEGAS,183,76
126,Costa Rica,12,Real Betis (ESP),FW,CAMPBELL Joel,1992-06-26,J. CAMPBELL,178,71
127,Costa Rica,13,New York City FC (USA),MF,WALLACE Rodney,1988-06-17,R. WALLACE,180,70
128,Costa Rica,14,CS Herediano (CRC),MF,AZOFEIFA Randall,1984-12-30,R. AZOFEIFA,182,83
129,Costa Rica,15,Minnesota United FC (USA),DF,CALVO Francisco,1992-08-07,F. CALVO,180,78
130,Costa Rica,16,Celtic FC (SCO),DF,GAMBOA Cristian,1989-10-24,C. GAMBOA,175,67
131,Costa Rica,17,FC Lausanne-Sport (SUI),MF,TEJEDA Yeltsin,1992-03-17,Y. TEJEDA,179,67
132,Costa Rica,18,LD Alajuelense (CRC),GK,PEMBERTON Patrick,1982-04-24,P. PEMBERTON,178,72
133,Costa Rica,19,Vancouver Whitecaps FC (CAN),DF,WASTON Kendall,1988-01-01,K. WASTON,196,87
134,Costa Rica,20,Portland Timbers (USA),MF,GUZMAN David,1990-02-18,D. GUZMAN,176,78
135,Costa Rica,21,Los Angeles FC (USA),FW,URENA Marcos,1990-05-03,M. UREÑA,181,70
136,Costa Rica,22,New York City FC (USA),DF,MATARRITA Ronald,1994-09-07,R. MATARRITA,175,70
137,Costa Rica,23,CS Herediano (CRC),GK,MOREIRA Leonel,1990-02-04,L. MOREIRA,179,70
138,Croatia,1,GNK Dinamo Zagreb (CRO),GK,LIVAKOVIC Dominik,1995-09-01,LIVAKOVIĆ,188,82
139,Croatia,2,Atletico Madrid (ESP),DF,VRSALJKO Sime,1992-10-01,VRSALJKO,181,76
140,Croatia,3,UC Sampdoria (ITA),DF,STRINIC Ivan,1987-07-17,STRINIĆ,186,78
141,Croatia,4,FC Internazionale (ITA),FW,PERISIC Ivan,1989-02-02,PERIŠIĆ,186,81
142,Croatia,5,FC Lokomotiv Moscow (RUS),DF,CORLUKA Vedran,1986-05-02,ĆORLUKA,192,84
143,Croatia,6,Liverpool FC (ENG),DF,LOVREN Dejan,1989-05-07,LOVREN,188,84
144,Croatia,7,FC Barcelona (ESP),MF,RAKITIC Ivan,1988-10-03,RAKITIĆ,184,78
145,Croatia,8,Real Madrid CF (ESP),MF,KOVACIC Mateo,1994-06-05,KOVAČIĆ,178,78
146,Croatia,9,TSG 1899 Hoffenheim (GER),FW,KRAMARIC Andrej,1991-06-19,KRAMARIĆ,177,73
147,Croatia,10,Real Madrid CF (ESP),MF,MODRIC Luka,1985-09-09,MODRIĆ,172,66
148,Croatia,11,FC Internazionale (ITA),MF,BROZOVIC Marcelo,1992-11-16,BROZOVIĆ,181,68
149,Croatia,12,KAA Gent (BEL),GK,KALINIC Lovre,1990-03-04,L. KALINIĆ,201,96
150,Croatia,13,Bayer 04 Leverkusen (GER),DF,JEDVAJ Tin,1995-11-28,JEDVAJ,184,81
151,Croatia,14,HNK Rijeka (CRO),MF,BRADARIC Filip,1992-11-01,BRADARIĆ,186,78
152,Croatia,15,FC Red Bull Salzburg (AUT),DF,CALETA-CAR Duje,1996-09-17,ĆALETA-CAR,192,89
153,Croatia,16,AC Milan (ITA),FW,KALINIC Nikola,1988-05-01,N. KALINIĆ,187,81
154,Croatia,17,Juventus FC (ITA),FW,MANDZUKIC Mario,1986-05-21,MANDŽUKIĆ,190,85
155,Croatia,18,Eintracht Frankfurt (GER),FW,REBIC Ante,1993-09-21,REBIĆ,185,78
156,Croatia,19,ACF Fiorentina (ITA),MF,BADELJ Milan,1989-02-25,BADELJ,186,76
157,Croatia,20,FC Schalke 04 (GER),FW,PJACA Marko,1995-06-05,PJACA,186,83
158,Croatia,21,Besiktas JK (TUR),DF,VIDA Domagoj,1989-04-29,VIDA,184,76
159,Croatia,22,FC Dynamo Kyiv (UKR),DF,PIVARIC Josip,1989-01-30,PIVARIĆ,176,69
160,Croatia,23,AS Monaco (FRA),GK,SUBASIC Danijel,1984-10-27,SUBAŠIĆ,191,84
161,Denmark,1,Leicester City FC (ENG),GK,SCHMEICHEL Kasper,1986-05-11,SCHMEICHEL,190,92
162,Denmark,2,Deportivo La Coruña (ESP),MF,KROHN-DEHLI Michael,1983-06-06,KROHN-DEHLI,171,69
163,Denmark,3,VfL Borussia Mönchengladbach (GER),DF,VESTERGAARD Jannik,1992-03-08,VESTERGAARD,200,98
164,Denmark,4,Sevilla FC (ESP),DF,KJAER Simon,1989-03-26,KJÆR,191,84
165,Denmark,5,Ipswich Town FC (ENG),DF,KNUDSEN Jonas,1992-09-16,KNUDSEN,187,82
166,Denmark,6,Chelsea FC (ENG),DF,CHRISTENSEN Andreas,1996-10-04,CHRISTENSEN,192,85
167,Denmark,7,FC Kobenhavn (DEN),MF,KVIST William,1985-02-24,KVIST,185,80
168,Denmark,8,SV Werder Bremen (GER),MF,DELANEY Thomas,1991-03-09,DELANEY,180,78
169,Denmark,9,Feyenoord Rotterdam (NED),FW,JORGENSEN Nicolai,1991-01-15,N. JØRGENSEN,194,86
170,Denmark,10,Tottenham Hotspur FC (ENG),MF,ERIKSEN Christian,1992-02-14,ERIKSEN,181,76
171,Denmark,11,FC Girondins Bordeaux (FRA),FW,BRAITHWAITE Martin,1991-05-06,BRAITHWAITE,180,73
172,Denmark,12,AFC Ajax (NED),FW,DOLBERG Kasper,1997-06-10,DOLBERG,187,85
173,Denmark,13,Huddersfield Town FC (ENG),DF,JORGENSEN Mathias,1990-04-23,M. JØRGENSEN,191,85
174,Denmark,14,Brentford FC (ENG),DF,DALSGAARD Henrik,1989-07-27,DALSGAARD,190,81
175,Denmark,15,FC Kobenhavn (DEN),FW,FISCHER Viktor,1994-09-06,FISCHER,181,80
176,Denmark,16,Huddersfield Town FC (ENG),GK,LOSSL Jonas,1989-01-02,LÖSSL,195,90
177,Denmark,17,Udinese Calcio (ITA),DF,STRYGER LARSEN Jens,1991-02-21,STRYGER,182,82
178,Denmark,18,FC Girondins Bordeaux (FRA),MF,LERAGER Lukas,1993-12-07,LERAGER,186,85
179,Denmark,19,AFC Ajax (NED),MF,SCHONE Lasse,1986-05-27,SCHÖNE,178,80
180,Denmark,20,RB Leipzig (GER),FW,POULSEN Yussuf Yurary,1994-06-15,YURARY,193,84
181,Denmark,21,Atalanta Bergamo (ITA),FW,CORNELIUS Andreas,1993-03-16,CORNELIUS,195,91
182,Denmark,22,Brondby IF (DEN),GK,RONNOW Frederik,1992-04-08,RØNNOW,190,85
183,Denmark,23,Celta Vigo (ESP),FW,SISTO Pione,1995-04-02,SISTO,173,69
184,Egypt,1,Al Taawoun FC (KSA),GK,ESSAM EL HADARY,1973-01-15,ELHADARY,190,90
185,Egypt,2,West Bromwich Albion FC (ENG),DF,ALI GABR,1989-01-01,ALI GABR,191,88
186,Egypt,3,Aston Villa FC (ENG),DF,AHMED ELMOHAMADY,1987-09-09,ELMOHAMADY,183,76
187,Egypt,4,Los Angeles FC (USA),MF,OMAR GABER,1992-01-30,O. GABER,175,71
188,Egypt,5,Wigan Athletic FC (ENG),MF,SAM MORSY,1991-10-09,MORSY,173,75
189,Egypt,6,West Bromwich Albion FC (ENG),DF,AHMED HEGAZY,1991-01-25,A. HEGAZY,194,95
190,Egypt,7,Al Ahly SC (EGY),DF,AHMED FATHI,1984-10-11,A. FATHI,176,76
191,Egypt,8,Zamalek (EGY),MF,TAREK HAMED,1988-10-24,TAREK HAMED,169,67
192,Egypt,9,Al Ahly SC (EGY),FW,MARWAN MOHSEN,1989-02-26,MARWAN,185,81
193,Egypt,10,Liverpool FC (ENG),FW,MOHAMED SALAH,1992-06-15,M SALAH,175,71
194,Egypt,11,Al-Ittihad FC (KSA),FW,KAHRABA,1994-04-13,M. KAHRABA,182,76
195,Egypt,12,Al Ahly SC (EGY),DF,AYMAN ASHRAF,1991-09-04,A. ASHRAF,176,73
196,Egypt,13,Al Fateh FC (KSA),DF,MOHAMED ABDELSHAFY,1985-01-07,ABDELSHAFY,171,72
197,Egypt,14,Stoke City FC (ENG),FW,RAMADAN SOBHY,1997-01-23,RAMADAN,183,77
198,Egypt,15,Zamalek (EGY),DF,MAHMOUD HAMDY,1995-01-06,M. HAMDY,173,72
199,Egypt,16,Al Ahly SC (EGY),GK,SHERIF EKRAMY,1983-10-07,EKRAMY,193,93
200,Egypt,17,Arsenal FC (ENG),MF,MOHAMED ELNENY,1992-11-07,M. ELNENY,181,74
201,Egypt,18,Al Raed SC (KSA),FW,SHIKABALA,1986-05-03,SHIKABALA,183,80
202,Egypt,19,Kuopion PS (FIN),MF,ABDALLA SAID,1985-07-13,ABDALLA,176,75
203,Egypt,20,Al Ahly SC (EGY),DF,SAMIR SAAD,1989-01-04,S. SAMIR,183,82
204,Egypt,21,Kasimpasa SK (TUR),MF,TREZEGUET,1994-01-10,M. TREZEGUET,181,77
205,Egypt,22,Atromitos FC (GRE),FW,AMR WARDA,1993-09-17,WARDA,179,77
206,Egypt,23,Al Ahly SC (EGY),GK,MOHAMED ELSHENAWY,1988-12-18,M. ELSHENAWY,191,86
207,England,1,Everton FC (ENG),GK,PICKFORD Jordan,1994-07-03,PICKFORD,185,72
208,England,2,Manchester City FC (ENG),DF,WALKER Kyle,1990-05-28,WALKER,178,83
209,England,3,Tottenham Hotspur FC (ENG),DF,ROSE Danny,1990-02-07,ROSE,173,76
210,England,4,Tottenham Hotspur FC (ENG),MF,DIER Eric,1994-01-15,DIER,188,90
211,England,5,Manchester City FC (ENG),DF,STONES John,1994-05-28,STONES,188,72
212,England,6,Leicester City FC (ENG),DF,MAGUIRE Harry,1993-05-03,MAGUIRE,193,98
213,England,7,Manchester United FC (ENG),MF,LINGARD Jesse,1992-12-15,LINGARD,175,60
214,England,8,Liverpool FC (ENG),MF,HENDERSON Jordan,1990-06-17,HENDERSON,183,82
215,England,9,Tottenham Hotspur FC (ENG),FW,KANE Harry,1993-07-28,KANE,188,98
216,England,10,Manchester City FC (ENG),FW,STERLING Raheem,1994-08-12,STERLING,170,70
217,England,11,Leicester City FC (ENG),FW,VARDY Jamie,1987-11-01,VARDY,178,80
218,England,12,Tottenham Hotspur FC (ENG),DF,TRIPPIER Kieran,1990-09-19,TRIPPIER,178,72
219,England,13,Stoke City FC (ENG),GK,BUTLAND Jack,1993-10-03,BUTLAND,196,96
220,England,14,Arsenal FC (ENG),FW,WELBECK Danny,1990-11-26,WELBECK,184,78
221,England,15,Chelsea FC (ENG),DF,CAHILL Gary,1985-12-19,CAHILL,191,85
222,England,16,Manchester United FC (ENG),DF,JONES Phil,1992-02-21,JONES,182,72
223,England,17,Manchester City FC (ENG),DF,DELPH Fabian,1989-11-21,DELPH,174,78
224,England,18,Manchester United FC (ENG),DF,YOUNG Ashley,1985-09-07,YOUNG,175,78
225,England,19,Manchester United FC (ENG),FW,RASHFORD Marcus,1997-10-31,RASHFORD,180,78
226,England,20,Tottenham Hotspur FC (ENG),MF,ALLI Dele,1996-11-04,DELE,188,76
227,England,21,Chelsea FC (ENG),MF,LOFTUS-CHEEK Ruben,1996-01-23,LOFTUS-CHEEK,190,73
228,England,22,Liverpool FC (ENG),DF,ALEXANDER-ARNOLD Trent,1998-07-10,ALEXANDER-ARNOLD,175,70
229,England,23,Burnley FC (ENG),GK,POPE Nick,1992-04-19,POPE,191,76
230,France,1,Tottenham Hotspur FC (ENG),GK,LLORIS Hugo,1986-12-26,LLORIS,188,82
231,France,2,VfB Stuttgart (GER),DF,PAVARD Benjamin,1996-03-28,PAVARD,186,76
232,France,3,Paris Saint-Germain FC (FRA),DF,KIMPEMBE Presnel,1995-08-13,KIMPEMBE,182,78
233,France,4,Real Madrid CF (ESP),DF,VARANE Raphael,1993-04-25,VARANE,191,79
234,France,5,FC Barcelona (ESP),DF,UMTITI Samuel,1993-11-14,UMTITI,183,84
235,France,6,Manchester United FC (ENG),MF,POGBA Paul,1993-03-15,POGBA,191,86
236,France,7,Atletico Madrid (ESP),FW,GRIEZMANN Antoine,1991-03-21,GRIEZMANN,174,72
237,France,8,AS Monaco (FRA),FW,LEMAR Thomas,1995-12-11,LEMAR,172,65
238,France,9,Chelsea FC (ENG),FW,GIROUD Olivier,1986-09-30,GIROUD,193,91
239,France,10,Paris Saint-Germain FC (FRA),FW,MBAPPE Kylian,1998-12-20,MBAPPE,178,78
240,France,11,FC Barcelona (ESP),FW,DEMBELE Ousmane,1997-05-15,DEMBELE,178,70
241,France,12,FC Bayern München (GER),MF,TOLISSO Corentin,1994-03-08,TOLISSO,180,82
242,France,13,Chelsea FC (ENG),MF,KANTE Ngolo,1991-03-29,KANTE,168,70
243,France,14,Juventus FC (ITA),MF,MATUIDI Blaise,1987-09-04,MATUIDI,180,74
244,France,15,Sevilla FC (ESP),MF,NZONZI Steven,1988-12-15,NZONZI,197,87
245,France,16,Olympique Marseille (FRA),GK,MANDANDA Steve,1985-03-28,MANDANDA,187,88
246,France,17,Olympique Marseille (FRA),DF,RAMI Adil,1985-12-27,RAMI,190,90
247,France,18,Olympique Lyon (FRA),FW,FEKIR Nabil,1993-07-18,FEKIR,173,76
248,France,19,AS Monaco (FRA),DF,SIDIBE Djibril,1992-07-29,SIDIBE,184,81
249,France,20,Olympique Marseille (FRA),FW,THAUVIN Florian,1993-01-26,THAUVIN,180,76
250,France,21,Atletico Madrid (ESP),DF,HERNANDEZ Lucas,1996-02-14,HERNANDEZ,183,76
251,France,22,Manchester City FC (ENG),DF,MENDY Benjamin,1994-07-17,MENDY,183,84
252,France,23,Paris Saint-Germain FC (FRA),GK,AREOLA Alphonse,1993-02-27,AREOLA,195,95
253,Germany,1,FC Bayern München (GER),GK,NEUER Manuel,1986-03-27,NEUER,193,93
254,Germany,2,Hertha BSC (GER),DF,PLATTENHARDT Marvin,1992-01-26,PLATTENHARDT,181,76
255,Germany,3,1. FC Köln (GER),DF,HECTOR Jonas,1990-05-27,HECTOR,185,75
256,Germany,4,VfL Borussia Mönchengladbach (GER),DF,GINTER Matthias,1994-01-19,GINTER,189,85
257,Germany,5,FC Bayern München (GER),DF,HUMMELS Mats,1988-12-16,HUMMELS,192,90
258,Germany,6,Juventus FC (ITA),MF,KHEDIRA Sami,1987-04-04,KHEDIRA,189,81
259,Germany,7,Paris Saint-Germain FC (FRA),MF,DRAXLER Julian,1993-09-20,DRAXLER,185,74
260,Germany,8,Real Madrid CF (ESP),MF,KROOS Toni,1990-04-01,KROOS,182,78
261,Germany,9,RB Leipzig (GER),FW,WERNER Timo,1996-06-03,WERNER,181,75
262,Germany,10,Arsenal FC (ENG),MF,OEZIL Mesut,1988-10-15,ÖZIL,180,70
263,Germany,11,Borussia Dortmund (GER),FW,REUS Marco,1989-05-31,REUS,180,67
264,Germany,12,Paris Saint-Germain FC (FRA),GK,TRAPP Kevin,1990-08-07,TRAPP,189,88
265,Germany,13,FC Bayern München (GER),MF,MUELLER Thomas,1989-09-13,MÜLLER,186,75
266,Germany,14,FC Schalke 04 (GER),MF,GORETZKA Leon,1995-06-02,GORETZKA,189,76
267,Germany,15,FC Bayern München (GER),DF,SUELE Niklas,1995-03-09,SÜLE,195,89
268,Germany,16,Chelsea FC (ENG),DF,RUEDIGER Antonio,1993-03-03,RÜDIGER,191,85
269,Germany,17,FC Bayern München (GER),DF,BOATENG Jerome,1988-03-09,BOATENG,192,90
270,Germany,18,FC Bayern München (GER),DF,KIMMICH Joshua,1995-08-02,KIMMICH,176,72
271,Germany,19,FC Bayern München (GER),MF,RUDY Sebastian,1990-02-28,RUDY,179,74
272,Germany,20,Bayer 04 Leverkusen (GER),MF,BRANDT Julian,1996-02-05,BRANDT,183,82
273,Germany,21,Manchester City FC (ENG),MF,GUENDOGAN Ilkay,1990-10-24,GÜNDOGAN,180,79
274,Germany,22,FC Barcelona (ESP),GK,TER STEGEN Marc-Andre,1992-04-30,TER STEGEN,187,85
275,Germany,23,VfB Stuttgart (GER),FW,GOMEZ Mario,1985-10-07,GOMEZ,189,82
276,Iceland,1,Randers FC (DEN),GK,HALLDORSSON Hannes,1984-04-27,HALLDORSSON,193,88
277,Iceland,2,Valur Reykjavik (ISL),DF,SAEVARSSON Birkir,1984-11-11,SÆVARSSON,186,75
278,Iceland,3,Valerenga IF (NOR),MF,FRIDJONSSON Samuel,1996-02-22,FRIDJÓNSSON,185,78
279,Iceland,4,PSV Eindhoven (NED),MF,GUDMUNDSSON Albert,1997-06-15,A. GUDMUNDSSON,177,80
280,Iceland,5,FC Rostov (RUS),DF,INGASON Sverrir,1993-05-08,INGASON,188,80
281,Iceland,6,FC Rostov (RUS),DF,SIGURDSSON Ragnar,1986-06-19,R. SIGURDSSON,187,86
282,Iceland,7,Burnley FC (ENG),MF,GUDMUNDSSON Johann,1990-10-27,J. GUDMUNDSSON,179,77
283,Iceland,8,Aston Villa FC (ENG),MF,BJARNASON Birkir,1988-05-27,B. BJARNASON,183,77
284,Iceland,9,FC Rostov (RUS),FW,SIGURDARSON Bjorn,1991-02-26,SIGURDARSON,187,85
285,Iceland,10,Everton FC (ENG),MF,SIGURDSSON Gylfi,1989-08-09,G. SIGURDSSON,186,82
286,Iceland,11,FC Augsburg (GER),FW,FINNBOGASON Alfred,1989-01-02,FINNBOGASON,185,79
287,Iceland,12,Roskilde BK (DEN),GK,SCHRAM Frederik,1995-01-19,SCHRAM,198,92
288,Iceland,13,FC Nordsjaelland (DEN),GK,RUNARSSON Runar,1995-02-18,RÚNARSSON,186,76
289,Iceland,14,Aberdeen FC (SCO),DF,ARNASON Kari,1982-10-13,ARNASON,191,82
290,Iceland,15,Levski Sofia (BUL),DF,EYJOLFSSON Holmar,1990-06-08,EYJÓLFSSON,188,81
291,Iceland,16,Karabukspor (TUR),MF,SKULASON Olafur,1983-01-04,Ó. SKÚLASON,184,79
292,Iceland,17,Cardiff City FC (WAL),MF,GUNNARSSON Aron,1989-04-22,GUNNARSSON,181,86
293,Iceland,18,Bristol City FC (ENG),DF,MAGNUSSON Hordur,1993-11-02,MAGNÚSSON,191,85
294,Iceland,19,SV Sandhausen (GER),MF,GISLASON Rurik,1988-02-25,GISLASON,184,78
295,Iceland,20,Udinese Calcio (ITA),MF,HALLFREDSSON Emil,1984-06-29,HALLFREDSSON,186,86
296,Iceland,21,Malmö FF (SWE),MF,TRAUSTASON Arnor,1993-04-30,TRAUSTASON,183,73
297,Iceland,22,Reading FC (ENG),FW,BODVARSSON Jon,1992-05-25,BÖDVARSSON,189,89
298,Iceland,23,KSC Lokeren (BEL),DF,SKULASON Ari,1987-05-14,A. SKÚLASON,170,63
299,IR Iran,1,Persepolis FC (IRN),GK,BEIRANVAND Ali,1992-09-21,A. BEIRANVAND,194,85
300,IR Iran,2,Saipa Alborz FC (IRN),MF,TORABI Mehdi,1994-10-09,M. TORABI,185,71
301,IR Iran,3,Olympiacos Piraeus FC (GRE),DF,HAJI SAFI Ehsan,1990-02-25,HAJI SAFI,178,75
302,IR Iran,4,Esteghlal Tehran FC (IRN),DF,CHESHMI Roozbeh,1993-07-24,R. CHESHMI,192,80
303,IR Iran,5,FC Akhmat Grozny (RUS),DF,MOHAMMADI Milad,1993-09-29,M. MOHAMMADI,178,69
304,IR Iran,6,FK Amkar Perm (RUS),MF,EZATOLAHI Saeid,1996-01-10,S. EZATOLAHI,190,82
305,IR Iran,7,AEK Athens (GRE),MF,SHOJAEI Masoud,1984-09-06,SHOJAEI M.,187,79
306,IR Iran,8,Al Sadd SC (QAT),DF,POURALIGANJI Morteza,1992-04-19,M. POURALIGANJI,187,83
307,IR Iran,9,Esteghlal Tehran FC (IRN),MF,EBRAHIMI Omid,1987-09-16,OMID,178,75
308,IR Iran,10,Olympiacos Piraeus FC (GRE),FW,ANSARIFARD Karim,1990-03-04,KARIM,187,80
309,IR Iran,11,Persepolis FC (IRN),MF,AMIRI Vahid,1988-02-04,V. AMIRI,179,71
310,IR Iran,12,Zob Ahan Isfahan FC (IRN),GK,MAZAHERI Rashid,1989-05-18,RASHID,192,84
311,IR Iran,13,Padideh FC (IRN),DF,KHANZADEH Mohammad Reza,1991-11-05,M.R. KHANZADEH,186,80
312,IR Iran,14,IFK Östersund FK (SWE),FW,GHODDOS  Saman,1993-06-09,GHODDOS,177,79
313,IR Iran,15,Esteghlal Tehran FC (IRN),DF,MONTAZERI Pejman,1983-06-09,P. MONTAZERI,185,77
314,IR Iran,16,SC Heerenveen (NED),FW,GHOOCHANNEJHAD Reza,1987-09-20,REZA,180,79
315,IR Iran,17,Al Gharafa SC (QAT),FW,TAREMI Mehdi,1992-07-18,MEHDI,187,80
316,IR Iran,18,AZ Alkmaar (NED),FW,JAHANBAKHSH Alireza,1993-11-08,A. JAHANBAKHSH,180,77
317,IR Iran,19,Esteghlal Tehran FC (IRN),DF,HOSSEINI Majid,1996-06-20,M. HOSSEINI,183,78
318,IR Iran,20,FC Rubin Kazan (RUS),FW,AZMOUN Sardar,1995-01-01,SARDAR,186,80
319,IR Iran,21,Nottingham Forest FC (ENG),FW,DEJAGAH Ashkan,1986-05-07,DEJAGAH,181,78
320,IR Iran,22,CS Maritimo (POR),GK,ABEDZADEH Amir,1993-04-26,ABEDZADEH,186,80
321,IR Iran,23,KV Oostende (BEL),DF,REZAEIAN Ramin,1990-03-21,RAMIN,185,75
322,Japan,1,FC Metz (FRA),GK,KAWASHIMA Eiji,1983-03-20,KAWASHIMA,185,74
323,Japan,2,Kashima Antlers (JPN),DF,UEDA Naomichi,1994-10-24,UEDA,186,79
324,Japan,3,Kashima Antlers (JPN),DF,SHOJI Gen,1992-11-12,SHOJI,182,74
325,Japan,4,CF Pachuca (MEX),MF,HONDA Keisuke,1986-06-13,HONDA,182,74
326,Japan,5,Galatasaray SK (TUR),DF,NAGATOMO Yuto,1986-12-09,NAGATOMO,170,68
327,Japan,6,Urawa Reds (JPN),DF,ENDO Wataru,1993-09-02,ENDO,178,75
328,Japan,7,Getafe CF (ESP),MF,SHIBASAKI Gaku,1992-05-28,SHIBASAKI,175,64
329,Japan,8,Fortuna Düsseldorf (GER),MF,HARAGUCHI Genki,1991-09-05,HARAGUCHI,178,68
330,Japan,9,Leicester City FC (ENG),FW,OKAZAKI Shinji,1986-04-16,OKAZAKI,174,70
331,Japan,10,Borussia Dortmund (GER),MF,KAGAWA Shinji,1989-03-17,KAGAWA,175,68
332,Japan,11,Fortuna Düsseldorf (GER),MF,USAMI Takashi,1992-06-05,USAMI,178,72
333,Japan,12,Gamba Osaka (JPN),GK,HIGASHIGUCHI Masaaki,1986-12-05,HIGASHIGUCHI,184,78
334,Japan,13,FSV Mainz 05 (GER),FW,MUTO Yoshinori,1992-07-15,MUTO,179,72
335,Japan,14,SD Eibar (ESP),MF,INUI Takashi,1988-02-06,INUI,169,59
336,Japan,15,1. FC Köln (GER),FW,OSAKO Yuya,1990-05-18,OSAKO,182,71
337,Japan,16,Cerezo Osaka (JPN),MF,YAMAGUCHI Hotaru,1990-06-10,YAMAGUCHI,173,72
338,Japan,17,Eintracht Frankfurt (GER),MF,HASEBE Makoto,1984-01-18,HASEBE,180,72
339,Japan,18,Kawasaki Frontale (JPN),MF,OSHIMA Ryota,1993-01-23,OHSHIMA,168,64
340,Japan,19,Olympique Marseille (FRA),DF,SAKAI Hiroki,1990-12-04,H. SAKAI,183,70
341,Japan,20,Urawa Reds (JPN),DF,MAKINO Tomoaki,1987-11-05,MAKINO,182,77
342,Japan,21,Hamburger SV (GER),DF,SAKAI Gotoku,1991-03-14,G. SAKAI,176,74
343,Japan,22,Southampton FC (ENG),DF,YOSHIDA Maya,1988-08-24,YOSHIDA,189,78
344,Japan,23,Kashiwa Reysol (JPN),GK,NAKAMURA Kosuke,1995-02-27,NAKAMURA,184,72
345,Korea Republic,1,Vissel Kobe (JPN),GK,KIM Seunggyu,1990-09-30,S G KIM,187,80
346,Korea Republic,2,Jeonbuk Hyundai (KOR),DF,LEE Yong,1986-12-24,Y LEE,180,74
347,Korea Republic,3,Sagan Tosu FC (JPN),DF,JUNG Seunghyun,1994-03-04,S H JUNG,188,74
348,Korea Republic,4,Jeju United (KOR),DF,OH Bansuk,1988-05-20,B S OH,189,79
349,Korea Republic,5,Seongnam FC (KOR),DF,YUN Youngsun,1988-04-10,Y S YUN,185,78
350,Korea Republic,6,Ulsan Hyundai FC (KOR),DF,PARK Jooho,1987-01-16,J H PARK,174,71
351,Korea Republic,7,Tottenham Hotspur FC (ENG),FW,SON Heungmin,1992-08-07,H M SON,183,76
352,Korea Republic,8,Asan Mugunghwa FC (KOR),MF,JU Sejong,1990-10-30,S J JU,176,70
353,Korea Republic,9,Jeonbuk Hyundai (KOR),FW,KIM Shinwook,1988-04-14,S W KIM,197,97
354,Korea Republic,10,Hellas Verona FC (ITA),MF,LEE Seungwoo,1998-06-01,S W LEE,170,63
355,Korea Republic,11,FC Red Bull Salzburg (AUT),FW,HWANG Heechan,1996-01-26,H C HWANG,177,77
356,Korea Republic,12,Sangju Sangmu FC (KOR),DF,KIM Minwoo,1990-02-25,M W KIM,172,69
357,Korea Republic,13,FC Augsburg (GER),MF,KOO Jacheol,1989-02-27,J C KOO,182,73
358,Korea Republic,14,Sangju Sangmu FC (KOR),DF,HONG Chul,1990-09-17,C HONG,176,67
359,Korea Republic,15,Vissel Kobe (JPN),MF,JUNG Wooyoung,1989-12-14,W Y JUNG,186,78
360,Korea Republic,16,Swansea City AFC (WAL),MF,KI Sungyueng,1989-01-24,S Y KI,186,75
361,Korea Republic,17,Jeonbuk Hyundai (KOR),MF,LEE Jaesung,1992-10-08,J S LEE,180,70
362,Korea Republic,18,Incheon United FC (KOR),MF,MOON Seonmin,1992-09-06,S M MOON,172,68
363,Korea Republic,19,Guangzhou Evergrande FC (CHN),DF,KIM Younggwon,1990-02-27,Y G KIM,184,74
364,Korea Republic,20,FC Tokyo (JPN),DF,JANG Hyunsoo,1991-09-28,H S JANG,187,77
365,Korea Republic,21,Cerezo Osaka (JPN),GK,KIM Jinhyeon,1987-06-07,J H KIM,193,82
366,Korea Republic,22,FC Seoul (KOR),DF,GO Yohan,1988-10-03,Y H GO,170,65
367,Korea Republic,23,Daegu FC (KOR),GK,JO Hyeonwoo,1991-09-25,H W JO,189,75
368,Mexico,1,Cruz Azul (MEX),GK,CORONA Jose,1981-01-26,J. CORONA,182,80
369,Mexico,2,Tigres UANL (MEX),DF,AYALA Hugo,1987-03-31,H. AYALA,188,82
370,Mexico,3,Eintracht Frankfurt (GER),DF,SALCEDO Carlos,1993-09-29,C. SALCEDO,189,83
371,Mexico,4,CF Atlas (MEX),DF,MARQUEZ Rafael,1979-02-13,R. MÁRQUEZ,184,77
372,Mexico,5,FC Porto (POR),DF,REYES Diego,1992-09-19,D. REYES,190,77
373,Mexico,6,LA Galaxy (USA),MF,DOS SANTOS Jonathan,1990-04-26,J. DOS SANTOS,173,69
374,Mexico,7,Sevilla FC (ESP),MF,LAYUN Miguel,1988-06-25,M. LAYÚN,180,72
375,Mexico,8,Eintracht Frankfurt (GER),FW,FABIAN Marco,1989-07-21,M. FABIÁN,171,70
376,Mexico,9,SL Benfica (POR),FW,JIMENEZ Raul,1991-05-05,RAÚL,188,79
377,Mexico,10,LA Galaxy (USA),MF,DOS SANTOS Giovani,1989-11-05,G. DOS SANTOS,178,70
378,Mexico,11,Los Angeles FC (USA),FW,VELA Carlos,1989-01-03,CARLOS V,178,78
379,Mexico,12,Deportivo Toluca FC (MEX),GK,TALAVERA Alfredo,1982-09-18,A. TALAVERA,188,84
380,Mexico,13,Standard Liège (BEL),GK,OCHOA Guillermo,1985-07-13,G. OCHOA,185,76
381,Mexico,14,West Ham United FC (ENG),FW,HERNANDEZ Javier,1988-01-06,J. HERNÁNDEZ,175,71
382,Mexico,15,Real Sociedad (ESP),DF,MORENO Hector,1988-01-17,H. MORENO,182,82
383,Mexico,16,FC Porto (POR),DF,HERRERA Hector,1990-04-19,H. HERRERA,180,79
384,Mexico,17,FC Porto (POR),MF,CORONA Jesus,1993-06-01,JESÚS C.,174,69
385,Mexico,18,Real Betis (ESP),MF,GUARDADO Andres,1986-09-28,A. GUARDADO,167,63
386,Mexico,19,Club América (MEX),FW,PERALTA Oribe,1984-12-01,O. PERALTA,178,72
387,Mexico,20,Tigres UANL (MEX),MF,AQUINO Javier,1990-11-02,J. AQUINO,166,59
388,Mexico,21,Club América (MEX),DF,ALVAREZ Edson,1997-10-24,E. ÁLVAREZ,186,72
389,Mexico,22,PSV Eindhoven (NED),FW,LOZANO Hirving,1995-07-30,H. LOZANO,176,66
390,Mexico,23,Pumas UNAM (MEX),MF,GALLARDO Jesus,1994-08-15,J. GALLARDO,177,74
391,Morocco,1,Girona FC (ESP),GK,BOUNOU Yassine,1991-05-04,BOUNOU,190,77
392,Morocco,2,Real Madrid CF (ESP),DF,HAKIMI Achraf,1998-04-11,HAKIMI,179,65
393,Morocco,3,Lille OSC (FRA),DF,MENDYL Hamza,1997-10-21,MENDYL,179,70
394,Morocco,4,Istanbul Başakşehir FK (TUR),DF,DA COSTA Manuel,1986-06-05,DA COSTA,187,78
395,Morocco,5,Juventus FC (ITA),DF,BENATIA Mehdi,1987-04-17,BENATIA,188,88
396,Morocco,6,Wolverhampton Wanderers FC (ENG),DF,SAISS Romain,1990-03-26,SAISS,190,76
397,Morocco,7,AFC Ajax (NED),MF,ZIYACH Hakim,1993-03-19,ZIYACH,180,70
398,Morocco,8,Feyenoord Rotterdam (NED),MF,EL AHMADI Karim,1985-01-27,EL AHMADI,179,78
399,Morocco,9,RS Berkane (MAR),FW,EL KAABI Ayoub,1993-06-25,EL KAABI,182,72
400,Morocco,10,Galatasaray SK (TUR),MF,BELHANDA Younes,1990-02-25,BELHANDA,174,75
401,Morocco,11,Getafe CF (ESP),MF,FAJR Faycal,1988-01-08,FAJR,178,72
402,Morocco,12,CD Numancia (ESP),GK,EL KAJOUI Monir,1989-10-05,EL KAJOUI,190,88
403,Morocco,13,Yeni Malatyaspor (TUR),FW,BOUTAIB Khalid,1987-04-24,BOUTAIB,190,80
404,Morocco,14,Al Jazira (UAE),MF,BOUSSOUFA Mbark,1984-08-15,BOUSSOUFA,167,59
405,Morocco,15,SM Caen (FRA),MF,AIT BENNASSER Youssef,1996-07-07,AIT BENNASSER,184,75
406,Morocco,16,CD Leganés (ESP),MF,AMRABAT Noureddine,1987-03-31,N. AMRABAT,178,77
407,Morocco,17,Fenerbahce SK (TUR),DF,DIRAR Nabil,1986-02-25,DIRAR,187,82
408,Morocco,18,FC Schalke 04 (GER),MF,HARIT Amine,1997-06-18,HARIT,179,66
409,Morocco,19,Malaga CF (ESP),FW,EN NESYRI Youssef,1997-01-06,EN-NESYRI,188,75
410,Morocco,20,FC St. Pauli (GER),FW,BOUHADDOUZ Aziz,1987-03-30,BOUHADDOUZ,188,80
411,Morocco,21,Feyenoord Rotterdam (NED),MF,AMRABAT Sofyan,1996-08-21,S. AMRABAT,183,77
412,Morocco,22,IRT Tanger (MAR),GK,TAGNAOUTI Ahmed,1996-05-04,TAGNAOUTI,186,70
413,Morocco,23,Standard Liège (BEL),MF,CARCELA Mehdi,1989-01-07,CARCELA,176,67
414,Nigeria,1,Enyimba FC (NGA),GK,EZENWA Ikechukwu,1988-10-16,EZENWA,181,80
415,Nigeria,2,FK Amkar Perm (RUS),DF,IDOWU Bryan,1992-05-18,IDOWU,179,75
416,Nigeria,3,Cercle Brugge (BEL),DF,ECHIEJILE Elderson,1988-01-20,ECHIEJILE,185,82
417,Nigeria,4,Leicester City FC (ENG),MF,NDIDI Onyinye,1996-12-16,NDIDI,184,73
418,Nigeria,5,Bursaspor (TUR),DF,EKONG William,1993-01-09,EKONG,191,85
419,Nigeria,6,FSV Mainz 05 (GER),DF,BALOGUN Leon,1988-06-28,BALOGUN,190,89
420,Nigeria,7,CSKA Moscow (RUS),FW,MUSA Ahmed,1992-10-14,MUSA,173,65
421,Nigeria,8,UD Las Palmas (ESP),MF,ETEBO Oghenekaro,1995-09-11,ETEBO,174,74
422,Nigeria,9,Changchun Yatai (CHN),FW,IGHALO Odion,1989-06-16,IGHALO,188,83
423,Nigeria,10,Tianjin Teda (CHN),MF,MIKEL John Obi,1987-04-22,MIKEL,188,82
424,Nigeria,11,Chelsea FC (ENG),FW,MOSES Victor,1990-12-12,MOSES,177,75
425,Nigeria,12,Bursaspor (TUR),DF,SHEHU Abdullahi,1993-12-03,SHEHU,182,75
426,Nigeria,13,FC Crotone (ITA),FW,NWANKWO Simeon,1992-07-05,NWANKWO,197,89
427,Nigeria,14,Leicester City FC (ENG),FW,IHEANACHO Kelechi,1996-10-03,IHEANACHO,183,80
428,Nigeria,15,Torino FC (ITA),MF,OBI Joel,1991-05-22,OBI,177,77
429,Nigeria,16,Chippa United FC (RSA),GK,AKPEYI Daniel,1986-08-03,AKPEYI,187,94
430,Nigeria,17,Trabzonspor (TUR),MF,ONAZI Ogenyi,1992-12-25,ONAZI,172,74
431,Nigeria,18,Arsenal FC (ENG),FW,IWOBI Alex,1996-03-05,IWOBI,185,86
432,Nigeria,19,Hapoel Be'er Sheva FC (ISR),MF,OGU John,1988-04-20,OGU,191,90
433,Nigeria,20,FC Nantes (FRA),DF,AWAZIEM Chidozie,1997-01-01,AWAZIEM,192,76
434,Nigeria,21,ADO Den Haag (NED),DF,EBUEHI Tyronne,1995-12-16,EBUEHI,187,74
435,Nigeria,22,Kasimpasa SK (TUR),DF,OMERUO Kenneth,1993-10-17,OMERUO,185,82
436,Nigeria,23,Deportivo La Coruña (ESP),GK,UZOHO Francis,1998-10-28,UZOHO,196,91
437,Panama,1,Dinamo Bucharest (ROU),GK,PENEDO Jaime,1981-09-26,PENEDO,183,70
438,Panama,2,New York Red Bulls (USA),DF,MURILLO Michael,1996-11-02,MURILLO,183,78
439,Panama,3,San Jose Earthquakes (USA),DF,CUMMINGS Harold,1992-01-03,CUMMINGS,183,92
440,Panama,4,New York Red Bulls (USA),DF,ESCOBAR Fidel,1995-09-01,ESCOBAR,182,82
441,Panama,5,Seattle Sounders FC (USA),DF,TORRES Roman,1986-03-20,R. TORRES,188,99
442,Panama,6,Atlético Bucaramanga (COL),MF,GOMEZ Gabriel,1984-05-29,GOMEZ,183,82
443,Panama,7,CSD Municipal (GUA),FW,PEREZ Blas,1981-03-13,PEREZ,187,83
444,Panama,8,Cafetaleros de Tapachula (MEX),MF,BARCENAS Edgar,1993-10-23,BARCENAS,175,72
445,Panama,9,CD Huachipato (CHI),FW,TORRES Gabriel,1988-10-31,G. TORRES,180,77
446,Panama,10,Deportivo La Coruña (ESP),FW,DIAZ Ismael,1997-12-05,DIAZ,181,72
447,Panama,11,Club Universidad de Chile (CHI),MF,COOPER Armando,1987-11-26,COOPER,173,72
448,Panama,12,Chorrillo FC (PAN),GK,CALDERON Jose,1985-08-14,CALDERON,187,87
449,Panama,13,Houston Dynamo (USA),DF,MACHADO Adolfo,1985-02-14,MACHADO,182,78
450,Panama,14,Plaza Amador (PAN),MF,PIMENTEL Valentin,1991-05-30,PIMENTEL,189,80
451,Panama,15,DAC Dunajska Streda (SVK),DF,DAVIS Eric,1991-03-31,DAVIS,180,81
452,Panama,16,LD Alajuelense (CRC),FW,ARROYO Abdiel,1993-12-13,ARROYO,183,82
453,Panama,17,CD Olimpia (HON),DF,OVALLE Luis,1988-07-09,OVALLE,178,75
454,Panama,18,Sport Boys (PER),FW,TEJADA Luis,1982-03-28,TEJADA,183,87
455,Panama,19,Universitario Lima (PER),MF,QUINTERO Alberto,1987-12-18,QUINTERO,165,62
456,Panama,20,San Jose Earthquakes (USA),MF,GODOY Anibal,1990-10-02,GODOY,183,82
457,Panama,21,KAA Gent (BEL),MF,RODRIGUEZ Jose Luis,1998-06-19,J. RODRIGUEZ,180,77
458,Panama,22,San Francisco FC (PAN),GK,RODRIGUEZ Alex,1990-05-08,RODRIGUEZ,197,83
459,Panama,23,CSD Municipal (GUA),DF,BALOY Felipe,1981-02-24,BALOY,185,87
460,Peru,1,CD Tiburones Rojos de Veracruz (MEX),GK,GALLESE Pedro,1990-02-23,GALLESE,189,79
461,Peru,2,Atletico Junior (COL),DF,RODRIGUEZ Alberto,1984-03-31,RODRIGUEZ,179,78
462,Peru,3,Universitario Lima (PER),DF,CORZO Aldo,1989-05-20,CORZO,172,75
463,Peru,4,Puebla FC (MEX),DF,SANTAMARIA Anderson,1992-10-01,SANTAMARIA,183,84
464,Peru,5,Alianza Lima (PER),DF,ARAUJO Miguel,1994-10-24,ARAUJO,178,77
465,Peru,6,CR Flamengo (BRA),DF,TRAUCO Miguel,1992-08-25,TRAUCO,169,74
466,Peru,7,Vitoria Guimaraes (POR),MF,HURTADO Paolo,1990-07-27,HURTADO,174,66
467,Peru,8,Sao Paulo FC (BRA),MF,CUEVA Christian,1991-11-23,CUEVA,169,69
468,Peru,9,CR Flamengo (BRA),FW,GUERRERO Paolo,1984-01-01,GUERRERO,185,88
469,Peru,10,FC Lokomotiv Moscow (RUS),FW,FARFAN Jefferson,1984-10-26,FARFAN,177,85
470,Peru,11,CA Monarcas Morelia (MEX),FW,RUIDIAZ Raul,1990-07-25,RUIDIAZ,169,67
471,Peru,12,Deportivo Municipal (PER),GK,CACEDA Carlos,1991-09-27,CACEDA,184,78
472,Peru,13,Feyenoord Rotterdam (NED),MF,TAPIA Renato,1995-07-28,TAPIA,185,85
473,Peru,14,Portland Timbers (USA),MF,POLO Andy,1994-09-29,POLO,174,71
474,Peru,15,CD Tiburones Rojos de Veracruz (MEX),DF,RAMOS Christian,1988-04-11,RAMOS,182,72
475,Peru,16,CD Tiburones Rojos de Veracruz (MEX),MF,CARTAGENA Wilder,1994-09-23,CARTAGENA,179,76
476,Peru,17,Lobos BUAP (MEX),DF,ADVINCULA Luis,1990-02-03,ADVINCULA,178,80
477,Peru,18,Watford FC (ENG),FW,CARRILLO Andre,1991-06-14,CARRILLO,182,77
478,Peru,19,Orlando City SC (USA),MF,YOTUN Yoshimar,1990-07-04,YOTUN,172,69
479,Peru,20,Aalborg BK (DEN),FW,FLORES Edison,1994-05-14,FLORES,170,72
480,Peru,21,Universidad Técnica de Cajamarca (PER),GK,CARVALLO Jose,1986-01-03,CARVALLO,182,84
481,Peru,22,FBC Melgar (PER),DF,LOYOLA Nilson,1994-10-26,LOYOLA,179,68
482,Peru,23,Lobos BUAP (MEX),MF,AQUINO Pedro,1995-04-13,AQUINO,174,71
483,Poland,1,Juventus FC (ITA),GK,SZCZESNY Wojciech,1990-04-18,SZCZESNY,195,84
484,Poland,2,Legia Warsaw (POL),DF,PAZDAN Michal,1987-09-21,PAZDAN,181,78
485,Poland,3,Legia Warsaw (POL),DF,JEDRZEJCZYK Artur,1987-04-11,JEDRZEJCZYK,189,78
486,Poland,4,SPAL Ferrara (ITA),DF,CIONEK Thiago,1986-04-21,CIONEK,184,81
487,Poland,5,Southampton FC (ENG),DF,BEDNAREK Jan,1996-12-04,BEDNAREK,189,77
488,Poland,6,PFC Ludogorets Razgrad (BUL),MF,GORALSKI Jacek,1992-09-21,GORALSKI,172,66
489,Poland,7,SSC Napoli (ITA),FW,MILIK Arkadiusz,1994-02-28,MILIK,186,81
490,Poland,8,UC Sampdoria (ITA),MF,LINETTY Karol,1995-02-02,LINETTY,176,73
491,Poland,9,FC Bayern München (GER),FW,LEWANDOWSKI Robert,1988-08-21,LEWANDOWSKI,185,79
492,Poland,10,West Bromwich Albion FC (ENG),MF,KRYCHOWIAK Grzegorz,1990-01-29,KRYCHOWIAK,186,83
493,Poland,11,Hull City FC (ENG),MF,GROSICKI Kamil,1988-08-06,GROSICKI,180,78
494,Poland,12,Ipswich Town FC (ENG),GK,BIALKOWSKI Bartosz,1987-06-07,BIALKOWSKI,194,83
495,Poland,13,FC Lokomotiv Moscow (RUS),MF,RYBUS Maciej,1989-08-19,RYBUS,173,75
496,Poland,14,RSC Anderlecht (BEL),FW,TEODORCZYK Lukasz,1991-03-06,TEODORCZYK,185,78
497,Poland,15,AS Monaco (FRA),DF,GLIK Kamil,1988-03-02,GLIK,190,80
498,Poland,16,VfL Wolfsburg (GER),MF,BLASZCZYKOWSKI Jakub,1985-12-14,BLASZCZYKOWSKI,175,71
499,Poland,17,Lechia Gdansk (POL),MF,PESZKO Slawomir,1985-02-19,PESZKO,173,68
500,Poland,18,UC Sampdoria (ITA),DF,BERESZYNSKI Bartosz,1992-12-07,BERESZYNSKI,182,72
501,Poland,19,SSC Napoli (ITA),MF,ZIELINSKI Piotr,1994-05-20,ZIELINSKI,177,64
502,Poland,20,Borussia Dortmund (GER),DF,PISZCZEK Lukasz,1985-03-06,PISZCZEK,184,79
503,Poland,21,Gornik Zabrze (POL),MF,KURZAWA Rafal,1993-01-29,KURZAWA,182,73
504,Poland,22,Swansea City AFC (WAL),GK,FABIANSKI Lukasz,1985-04-18,FABIANSKI,190,83
505,Poland,23,UC Sampdoria (ITA),FW,KOWNACKI Dawid,1997-03-14,KOWNACKI,185,75
506,Portugal,1,Sporting CP (POR),GK,RUI PATRICIO,1988-02-15,RUI PATRICIO,189,84
507,Portugal,2,Rangers FC (SCO),DF,BRUNO ALVES,1981-11-27,B. ALVES,187,83
508,Portugal,3,Besiktas JK (TUR),DF,PEPE,1983-02-26,PEPE,188,81
509,Portugal,4,FC Lokomotiv Moscow (RUS),MF,MANUEL FERNANDES,1986-05-02,M. FERNANDES,174,69
510,Portugal,5,Borussia Dortmund (GER),DF,RAPHAEL GUERREIRO,1993-12-22,RAPHAEL,170,64
511,Portugal,6,Dalian Yifang FC (CHN),DF,JOSE FONTE,1983-12-22,FONTE,191,84
512,Portugal,7,Real Madrid CF (ESP),FW,CRISTIANO RONALDO,1985-05-02,RONALDO,185,80
513,Portugal,8,AS Monaco (FRA),MF,JOAO MOUTINHO,1986-08-09,J. MOUTINHO,170,61
514,Portugal,9,AC Milan (ITA),FW,ANDRE SILVA,1995-06-11,ANDRÉ SILVA,184,78
515,Portugal,10,West Ham United FC (ENG),MF,JOAO MARIO,1993-01-19,J. MÁRIO,179,73
516,Portugal,11,Manchester City FC (ENG),MF,BERNARDO SILVA,1994-10-08,BERNARDO,173,65
517,Portugal,12,Olympique Lyon (FRA),GK,ANTHONY LOPES,1990-01-10,LOPES,184,81
518,Portugal,13,SL Benfica (POR),DF,RUBEN DIAS,1997-05-14,RUBEN DIAS,187,83
519,Portugal,14,Sporting CP (POR),MF,WILLIAM,1992-07-04,WILLIAM,190,80
520,Portugal,15,FC Porto (POR),DF,RICARDO,1993-06-10,RICARDO,174,70
521,Portugal,16,Sporting CP (POR),MF,BRUNO FERNANDES,1994-08-09,B. FERNANDES,183,64
522,Portugal,17,Valencia CF (ESP),FW,GONCALO GUEDES,1996-11-29,G. GUEDES,179,72
523,Portugal,18,Sporting CP (POR),FW,GELSON MARTINS,1995-11-05,GELSON,173,63
524,Portugal,19,SSC Napoli (ITA),DF,MARIO RUI,1991-05-27,MÁRIO RUI,168,67
525,Portugal,20,Besiktas JK (TUR),FW,RICARDO QUARESMA,1983-09-26,QUARESMA,175,73
526,Portugal,21,Southampton FC (ENG),DF,CEDRIC,1991-08-31,CÉDRIC,172,67
527,Portugal,22,Goztepe SK (TUR),GK,BETO,1982-01-05,BETO,183,79
528,Portugal,23,Leicester City FC (ENG),MF,ADRIEN SILVA,1989-03-15,ADRIEN,176,72
529,Russia,1,CSKA Moscow (RUS),GK,AKINFEEV Igor,1986-08-04,AKINFEEV,185,83
530,Russia,2,CSKA Moscow (RUS),DF,MARIO FERNANDES,1990-09-19,FERNANDES,187,79
531,Russia,3,FC Spartak Moscow (RUS),DF,KUTEPOV Ilya,1993-07-29,KUTEPOV,190,82
532,Russia,4,CSKA Moscow (RUS),DF,IGNASHEVICH Sergey,1979-07-14,IGNASHEVICH,186,84
533,Russia,5,FC Akhmat Grozny (RUS),DF,SEMENOV Andrey,1989-03-24,SEMENOV,191,87
534,Russia,6,Villarreal CF (ESP),MF,CHERYSHEV Denis,1990-12-26,CHERYSHEV,173,68
535,Russia,7,FC Zenit St. Petersburg (RUS),MF,KUZIAEV Daler,1993-01-15,KUZIAEV,182,74
536,Russia,8,FC Krasnodar (RUS),MF,GAZINSKY Iury,1989-07-20,GAZINSKII,180,75
537,Russia,9,CSKA Moscow (RUS),MF,DZAGOEV Alan,1990-06-17,DZAGOEV,178,73
538,Russia,10,FC Krasnodar (RUS),FW,SMOLOV Fedor,1990-09-02,SMOLOV,185,79
539,Russia,11,FC Spartak Moscow (RUS),MF,ZOBNIN Roman,1994-11-02,ZOBNIN,185,77
540,Russia,12,FC Zenit St. Petersburg (RUS),GK,LUNEV Andrei,1991-11-13,LUNEV,189,80
541,Russia,13,FC Rubin Kazan (RUS),DF,KUDRIASHOV Fedor,1987-05-04,KUDRIASHOV,187,78
542,Russia,14,FC Rubin Kazan (RUS),DF,GRANAT Vladimir,1987-05-22,GRANAT,184,80
543,Russia,15,FC Lokomotiv Moscow (RUS),MF,MIRANCHUK Alexey,1995-10-17,MIRANCHUK AL.,185,77
544,Russia,16,FC Lokomotiv Moscow (RUS),MF,MIRANCHUK Anton,1995-10-17,MIRANCHUK AN.,182,67
545,Russia,17,CSKA Moscow (RUS),MF,GOLOVIN Aleksandr,1996-05-30,GOLOVIN,178,70
546,Russia,18,FC Zenit St. Petersburg (RUS),MF,ZHIRKOV Yury,1983-08-20,ZHIRKOV,180,76
547,Russia,19,FC Spartak Moscow (RUS),MF,SAMEDOV Alexander,1984-07-19,SAMEDOV,178,74
548,Russia,20,Club Brugge KV (BEL),GK,GABULOV Vladimir,1983-10-19,GABULOV,190,81
549,Russia,21,FC Zenit St. Petersburg (RUS),MF,EROKHIN Aleksandr,1989-10-13,EROKHIN,191,79
550,Russia,22,FC Arsenal Tula (RUS),FW,DZYUBA Artem,1988-08-22,DZYUBA,196,90
551,Russia,23,FC Zenit St. Petersburg (RUS),DF,SMOLNIKOV Igor,1988-08-08,SMOLNIKOV,179,72
552,Saudi Arabia,1,Al Hilal SFC (KSA),GK,ABDULLAH ALMUAIOUF,1987-01-23,ABDULLAH,178,98
553,Saudi Arabia,2,Al Ahli SC (KSA),DF,MANSOUR ALHARBI,1987-10-19,MANSOUR,173,68
554,Saudi Arabia,3,Al Hilal SFC (KSA),DF,OSAMA HAWSAWI,1984-03-31,OSAMA,188,83
555,Saudi Arabia,4,Al Hilal SFC (KSA),DF,ALI ALBULAYHI,1989-11-21,ALI,182,83
556,Saudi Arabia,5,Al Nassr FC (KSA),DF,OMAR OTHMAN,1985-09-27,OMAR,185,76
557,Saudi Arabia,6,Al Hilal SFC (KSA),DF,MOHAMMED ALBURAYK,1992-09-15,ALBURAYK,173,61
558,Saudi Arabia,7,Al Hilal SFC (KSA),MF,SALMAN ALFARAJ,1989-01-08,SALMAN,179,63
559,Saudi Arabia,8,CD Leganés (ESP),MF,YAHIA ALSHEHRI,1990-06-26,YAHIA,165,63
560,Saudi Arabia,9,Al Shabab FC (KSA),MF,HATAN BAHBIR,1992-07-16,HATAN,170,66
561,Saudi Arabia,10,Al Nassr FC (KSA),FW,MOHAMMED ALSAHLAWI,1987-10-01,ALSAHLAWI,179,75
562,Saudi Arabia,11,Al Hilal SFC (KSA),MF,ABDULMALEK ALKHAIBRI,1986-03-13,ABDULMALEK,177,73
563,Saudi Arabia,12,Al Hilal SFC (KSA),MF,MOHAMED KANNO,1994-09-22,KANNO,192,73
564,Saudi Arabia,13,Al Hilal SFC (KSA),DF,YASIR ALSHAHRANI,1992-05-25,YASIR,170,63
565,Saudi Arabia,14,Al Hilal SFC (KSA),MF,ABDULLAH OTAYF,1992-03-08,OTAYF,177,66
566,Saudi Arabia,15,Al Shabab FC (KSA),MF,ABDULLAH ALKHAIBARI,1996-08-16,ALKHAIBARI,175,66
567,Saudi Arabia,16,Al Ahli SC (KSA),MF,HUSSAIN ALMOQAHWI,1988-03-24,HUSSAIN,174,76
568,Saudi Arabia,17,Al Ahli SC (KSA),MF,TAISEER ALJASSAM,1984-07-25,TAISEER,169,69
569,Saudi Arabia,18,Villarreal CF (ESP),MF,SALEM ALDAWSARI,1991-08-19,SALEM,174,68
570,Saudi Arabia,19,Levante UD (ESP),FW,FAHAD ALMUWALLAD,1994-09-14,FAHAD,168,65
571,Saudi Arabia,20,Al Ahli SC (KSA),FW,MUHANNAD ASIRI,1986-10-14,MUHANNAD,185,79
572,Saudi Arabia,21,Al Ahli SC (KSA),GK,YASSER ALMOSAILEM,1984-02-27,ALMOSAILEM,186,88
573,Saudi Arabia,22,Al Ahli SC (KSA),GK,MOHAMMED ALOWAIS,1991-10-10,ALOWAIS,187,79
574,Saudi Arabia,23,Al Ahli SC (KSA),DF,MOTAZ HAWSAWI,1992-02-17,MOTAZ,180,79
575,Senegal,1,Stade Rennais FC (FRA),GK,DIALLO Abdoulaye,1992-03-30,DIALLO,189,79
576,Senegal,2,Valenciennes FC (FRA),DF,CISS Saliou,1989-06-15,CISS,173,69
577,Senegal,3,SSC Napoli (ITA),DF,KOULIBALY Kalidou,1991-06-20,KOULIBALY,195,89
578,Senegal,4,RSC Anderlecht (BEL),DF,MBODJI Kara,1989-11-22,KARA,192,85
579,Senegal,5,Everton FC (ENG),MF,GUEYE Idrissa Gana,1989-09-26,GANA,174,64
580,Senegal,6,Hannover 96 (GER),MF,SANE Salif,1990-08-25,S. SANE,196,84
581,Senegal,7,Bursaspor (TUR),FW,SOW Moussa,1986-01-19,SOW,180,75
582,Senegal,8,West Ham United FC (ENG),MF,KOUYATE Cheikhou,1989-12-21,C. KOUYATE,189,75
583,Senegal,9,Stoke City FC (ENG),FW,DIOUF Mame,1987-12-16,M. DIOUF,185,81
584,Senegal,10,Liverpool FC (ENG),FW,MANE Sadio,1992-10-04,MANE,175,69
585,Senegal,11,Birmingham City FC (ENG),MF,NDOYE Cheikh,1986-03-29,CH. NDOYE,192,90
586,Senegal,12,FC Girondins Bordeaux (FRA),DF,SABALY Youssouf,1993-05-03,SABALY,174,71
587,Senegal,13,Wolverhampton Wanderers FC (ENG),MF,NDIAYE Alfred,1990-06-03,A. NDIAYE,186,80
588,Senegal,14,Amiens SC (FRA),FW,KONATE Moussa,1993-03-04,KONATE,180,78
589,Senegal,15,Stade Rennais FC (FRA),FW,SAKHO Diafra,1989-12-24,SAKHO,184,79
590,Senegal,16,Horoya AC (GUI),GK,NDIAYE Khadim,1985-05-04,KH. NDIAYE,185,80
591,Senegal,17,Stoke City FC (ENG),MF,NDIAYE Pape Alioune,1990-10-27,P.A. NDIAYE,181,74
592,Senegal,18,Stade Rennais FC (FRA),FW,SARR Ismaila,1998-02-25,ISMAÏLA,175,70
593,Senegal,19,Torino FC (ITA),FW,NIANG Mbaye,1994-12-19,NIANG,184,74
594,Senegal,20,AS Monaco (FRA),FW,BALDE Keita,1995-08-03,KEÏTA BALDE,181,77
595,Senegal,21,Adanaspor (TUR),DF,GASSAMA Lamine,1989-10-20,GASSAMA,181,74
596,Senegal,22,KAS Eupen (BEL),DF,WAGUE Moussa,1998-04-10,M. WAGUE,177,70
597,Senegal,23,SPAL Ferrara (ITA),GK,GOMIS Alfred,1993-05-09,GOMIS,196,80
598,Serbia,1,FK Partizan (SRB),GK,STOJKOVIC Vladimir,1983-07-28,STOJKOVIĆ,195,92
599,Serbia,2,Villarreal CF (ESP),DF,RUKAVINA Antonio,1984-01-26,RUKAVINA,177,71
600,Serbia,3,Besiktas JK (TUR),DF,TOSIC Dusko,1985-01-19,TOŠIĆ,185,79
601,Serbia,4,Crystal Palace FC (ENG),MF,MILIVOJEVIC Luka,1991-07-04,MILIVOJEVIĆ,186,80
602,Serbia,5,RSC Anderlecht (BEL),DF,SPAJIC Uros,1993-02-13,SPAJIĆ,188,82
603,Serbia,6,FC Zenit St. Petersburg (RUS),DF,IVANOVIC Branislav,1984-02-22,IVANOVIĆ,185,89
604,Serbia,7,SL Benfica (POR),MF,ZIVKOVIC Andrija,1996-11-07,ŽIVKOVIĆ,169,68
605,Serbia,8,PAOK FC (GRE),FW,PRIJOVIC Aleksandar,1990-04-21,PRIJOVIĆ,191,88
606,Serbia,9,Fulham FC (ENG),FW,MITROVIC Aleksandar,1994-09-16,MITROVIĆ,189,82
607,Serbia,10,Southampton FC (ENG),MF,TADIC Dusan,1988-11-20,TADIĆ,181,76
608,Serbia,11,AS Roma (ITA),DF,KOLAROV Aleksandar,1985-10-11,KOLAROV,187,83
609,Serbia,12,Maccabi Tel-Aviv FC (ISR),GK,RAJKOVIC Predrag,1995-10-31,RAJKOVIĆ,191,85
610,Serbia,13,SV Werder Bremen (GER),DF,VELJKOVIC Milos,1995-09-26,VELJKOVIĆ,188,77
611,Serbia,14,FK Crvena Zvezda (SRB),DF,RODIC Milan,1991-02-04,RODIĆ,185,69
612,Serbia,15,ACF Fiorentina (ITA),DF,MILENKOVIC Nikola,1997-12-10,MILENKOVIĆ,195,90
613,Serbia,16,Cardiff City FC (WAL),MF,GRUJIC Marko,1996-04-13,GRUJIĆ,190,82
614,Serbia,17,Hamburger SV (GER),MF,KOSTIC Filip,1992-01-11,KOSTIĆ,184,82
615,Serbia,18,FK Crvena Zvezda (SRB),FW,RADONJIC Nemanja,1996-02-15,RADONJIĆ,185,76
616,Serbia,19,Eintracht Frankfurt (GER),FW,JOVIC Luka,1997-12-23,JOVIĆ,181,75
617,Serbia,20,SS Lazio (ITA),MF,MILINKOVIC-SAVIC Sergej,1995-02-27,SERGEJ,192,76
618,Serbia,21,Manchester United FC (ENG),MF,MATIC Nemanja,1988-01-08,MATIĆ,194,86
619,Serbia,22,Torino FC (ITA),MF,LJAJIC Adem,1991-09-29,LJAJIĆ,182,74
620,Serbia,23,SD Eibar (ESP),GK,DMITROVIC Marko,1992-01-24,DMITROVIĆ,194,90
621,Spain,1,Manchester United FC (ENG),GK,DE GEA David,1990-07-11,DE GEA,190,71
622,Spain,2,Real Madrid CF (ESP),DF,CARVAJAL Dani,1992-11-01,CARVAJAL,173,73
623,Spain,3,FC Barcelona (ESP),DF,PIQUE Gerard,1987-02-02,PIQUÉ,194,85
624,Spain,4,Real Madrid CF (ESP),DF,NACHO,1990-01-18,NACHO,179,77
625,Spain,5,FC Barcelona (ESP),MF,BUSQUETS Sergio,1988-07-16,SERGIO,189,78
626,Spain,6,FC Barcelona (ESP),MF,INIESTA Andres,1984-11-05,A. INIESTA,171,68
627,Spain,7,Atletico Madrid (ESP),MF,SAUL,1994-11-21,SAÚL,183,76
628,Spain,8,Atletico Madrid (ESP),MF,KOKE,1992-08-01,KOKE,176,73
629,Spain,9,Valencia CF (ESP),FW,RODRIGO,1991-06-03,RODRIGO M.,182,72
630,Spain,10,FC Bayern München (GER),MF,THIAGO,1991-11-04,THIAGO,174,70
631,Spain,11,Real Madrid CF (ESP),FW,VAZQUEZ Lucas,1991-01-07,LUCAS V.,173,70
632,Spain,12,Real Sociedad (ESP),DF,ODRIOZOLA Alvaro,1995-12-14,ODRIOZOLA,178,67
633,Spain,13,Athletic Bilbao (ESP),GK,ARRIZABALAGA Kepa,1994-03-10,ARRIZABALAGA,189,84
634,Spain,14,Chelsea FC (ENG),DF,AZPILICUETA Cesar,1989-08-28,AZPILICUETA,178,78
635,Spain,15,Real Madrid CF (ESP),DF,RAMOS Sergio,1986-03-30,RAMOS,183,75
636,Spain,16,Arsenal FC (ENG),DF,MONREAL Nacho,1986-02-26,MONREAL,179,72
637,Spain,17,Celta Vigo (ESP),FW,ASPAS Iago,1987-01-08,IAGO ASPAS,176,67
638,Spain,18,FC Barcelona (ESP),DF,ALBA Jordi,1989-03-21,JORDI ALBA,170,68
639,Spain,19,Atletico Madrid (ESP),FW,COSTA Diego,1988-07-10,DIEGO COSTA,185,86
640,Spain,20,Real Madrid CF (ESP),MF,ASENSIO Marco,1996-01-21,ASENSIO,182,76
641,Spain,21,Manchester City FC (ENG),FW,SILVA David,1986-08-01,SILVA,170,67
642,Spain,22,Real Madrid CF (ESP),MF,ISCO,1992-04-21,ISCO,176,74
643,Spain,23,SSC Napoli (ITA),GK,REINA Pepe,1982-08-31,REINA,188,92
644,Sweden,1,FC Kobenhavn (DEN),GK,OLSEN Robin,1990-08-01,OLSEN,198,89
645,Sweden,2,Celtic FC (SCO),DF,LUSTIG Mikael,1986-12-13,LUSTIG,189,77
646,Sweden,3,Manchester United FC (ENG),DF,LINDELOF Victor,1994-07-17,LINDELÖF,187,81
647,Sweden,4,FC Krasnodar (RUS),DF,GRANQVIST Andreas,1985-04-16,GRANQVIST,192,84
648,Sweden,5,Swansea City AFC (WAL),DF,OLSSON Martin,1988-05-17,OLSSON,177,81
649,Sweden,6,SV Werder Bremen (GER),DF,AUGUSTINSSON Ludwig,1994-04-21,AUGUSTINSSON,181,76
650,Sweden,7,Hull City FC (ENG),MF,LARSSON Sebastian,1985-06-06,LARSSON,178,70
651,Sweden,8,Hamburger SV (GER),MF,EKDAL Albin,1989-07-28,EKDAL,186,75
652,Sweden,9,Al Ain FC (UAE),FW,BERG Marcus,1986-08-17,BERG,183,76
653,Sweden,10,RB Leipzig (GER),MF,FORSBERG Emil,1991-10-23,FORSBERG,179,78
654,Sweden,11,Deportivo Alavés (ESP),FW,GUIDETTI John,1992-04-15,GUIDETTI,185,79
655,Sweden,12,EA Guingamp (FRA),GK,JOHNSSON Karl-Johan,1990-01-28,JOHNSSON,187,83
656,Sweden,13,Seattle Sounders FC (USA),MF,SVENSSON Gustav,1987-07-02,SVENSSON,183,77
657,Sweden,14,Bologna FC (ITA),DF,HELANDER Filip,1993-04-22,HELANDER,192,83
658,Sweden,15,Genoa CFC (ITA),MF,HILJEMARK Oscar,1992-06-28,HILJEMARK,184,73
659,Sweden,16,Bologna FC (ITA),DF,KRAFTH Emil,1994-02-08,KRAFTH,181,72
660,Sweden,17,FC Krasnodar (RUS),MF,CLAESSON Viktor,1992-02-01,CLAESSON,183,79
661,Sweden,18,Leeds United FC (ENG),DF,JANSSON Pontus,1991-02-13,JANSSON,194,89
662,Sweden,19,FC Crotone (ITA),MF,ROHDEN Marcus,1991-11-05,ROHDÉN,182,76
663,Sweden,20,Toulouse FC (FRA),FW,TOIVONEN Ola,1986-03-07,TOIVONEN,192,78
664,Sweden,21,Toulouse FC (FRA),MF,DURMAZ Jimmy,1989-03-22,DURMAZ,180,69
665,Sweden,22,KV Waasland-Beveren (BEL),FW,THELIN Isaac Kiese,1992-06-24,KIESE THELIN,189,83
666,Sweden,23,Swansea City AFC (WAL),GK,NORDFELDT Kristoffer,1989-06-23,NORDFELDT,190,85
667,Switzerland,1,VfL Borussia Mönchengladbach (GER),GK,SOMMER Yann,1988-12-17,SOMMER,183,81
668,Switzerland,2,Juventus FC (ITA),DF,LICHTSTEINER Stephan,1984-01-16,LICHTSTEINER,181,77
669,Switzerland,3,Toulouse FC (FRA),DF,MOUBANDJE Francois,1990-06-21,MOUBANDJE,180,76
670,Switzerland,4,VfL Borussia Mönchengladbach (GER),DF,ELVEDI Nico,1996-09-30,ELVEDI,187,77
671,Switzerland,5,Borussia Dortmund (GER),DF,AKANJI Manuel,1995-07-19,AKANJI,186,85
672,Switzerland,6,FC Basel (SUI),DF,LANG Michael,1991-08-02,LANG,185,78
673,Switzerland,7,FC Schalke 04 (GER),FW,EMBOLO Breel,1997-02-14,EMBOLO,184,86
674,Switzerland,8,Atalanta Bergamo (ITA),MF,FREULER Remo,1992-04-15,FREULER,181,75
675,Switzerland,9,SL Benfica (POR),FW,SEFEROVIC Haris,1992-02-22,SEFEROVIC,186,88
676,Switzerland,10,Arsenal FC (ENG),MF,XHAKA Granit,1992-09-27,XHAKA,183,82
677,Switzerland,11,Udinese Calcio (ITA),MF,BEHRAMI Valon,1985-04-19,BEHRAMI,184,78
678,Switzerland,12,RB Leipzig (GER),GK,MVOGO Yvon,1994-06-06,MVOGO,186,84
679,Switzerland,13,AC Milan (ITA),DF,RODRIGUEZ Ricardo,1992-08-25,RODRIGUEZ,180,79
680,Switzerland,14,TSG 1899 Hoffenheim (GER),MF,ZUBER Steven,1991-08-17,ZUBER,182,79
681,Switzerland,15,Bologna FC (ITA),MF,DZEMAILI Blerim,1986-12-04,DZEMAILI,180,77
682,Switzerland,16,Eintracht Frankfurt (GER),MF,FERNANDES Gelson,1986-02-09,G. FERNANDES,180,72
683,Switzerland,17,VfL Borussia Mönchengladbach (GER),MF,ZAKARIA Denis,1996-11-20,ZAKARIA,189,77
684,Switzerland,18,GNK Dinamo Zagreb (CRO),FW,GAVRANOVIC Mario,1989-11-24,GAVRANOVIC,175,75
685,Switzerland,19,VfL Borussia Mönchengladbach (GER),FW,DRMIC Josip,1992-08-08,DRMIC,184,78
686,Switzerland,20,Antalyaspor AS (TUR),DF,DJOUROU Johan,1987-01-18,DJOUROU,192,90
687,Switzerland,21,Borussia Dortmund (GER),GK,BUERKI Roman,1990-11-14,BÜRKI,188,83
688,Switzerland,22,Deportivo La Coruña (ESP),DF,SCHAER Fabian,1991-12-20,SCHÄR,186,83
689,Switzerland,23,Stoke City FC (ENG),MF,SHAQIRI Xherdan,1991-10-10,SHAQIRI,165,78
690,Tunisia,1,Al Shabab FC (KSA),GK,BEN MUSTAPHA Farouk,1989-01-07,BEN MUSTAPHA,192,85
691,Tunisia,2,Kasimpasa SK (TUR),DF,BEN YOUSSEF Syam,1989-03-31,BEN YOUSSEF .S,189,87
692,Tunisia,3,Leicester City FC (ENG),DF,BEN ALOUANE Yohan,1987-03-28,BEN ALOUANE,185,75
693,Tunisia,4,CS Sfaxien (TUN),DF,MERIAH Yassine,1993-02-07,MERIAH,183,70
694,Tunisia,5,Dijon FCO (FRA),DF,HADDADI Oussama,1992-01-28,HADDADI,185,76
695,Tunisia,6,Étoile du Sahel (TUN),DF,BEDOUI Rami,1990-01-19,BEDOUI,187,77
696,Tunisia,7,ES Troyes (FRA),FW,KHAOUI Saifeddine,1995-04-27,KHAOUI,180,76
697,Tunisia,8,Al Ittifaq FC (KSA),FW,BEN YOUSSEF Fakhreddine,1991-06-23,BEN YOUSSEF .F,189,80
698,Tunisia,9,ES Tunis (TUN),MF,BADRI Anice,1990-09-18,BADRI,178,70
699,Tunisia,10,Stade Rennais FC (FRA),FW,KHAZRI Wahbi,1991-08-02,KHAZRI,182,76
700,Tunisia,11,KAA Gent (BEL),DF,BRONN Dylan,1995-06-19,BRONN,186,75
701,Tunisia,12,Al Ahly SC (EGY),DF,MAALOUL Ali,1990-01-01,MAALOUL,170,72
702,Tunisia,13,Al Nassr FC (KSA),MF,SASSI Ferjani,1992-03-18,SASSI,186,80
703,Tunisia,14,Al Ahli SC (KSA),MF,BEN AMOR Mohamed,1992-03-05,BEN AMOR,180,75
704,Tunisia,15,Club Africain (TUN),FW,KHALIL Ahmed,1994-12-21,KHALIL,187,75
705,Tunisia,16,Al Batin FC (KSA),GK,MATHLOUTHI Aymen,1984-09-14,MATHLOUTHI .A,182,84
706,Tunisia,17,Montpellier HSC (FRA),MF,SKHIRI Ellyes,1995-10-05,SKHIRI JORIS,185,69
707,Tunisia,18,OGC Nice (FRA),FW,SRARFI Bassem,1997-06-25,SRARFI,176,71
708,Tunisia,19,Club Africain (TUN),FW,KHALIFA Saber,1986-10-14,KHALIFA,185,72
709,Tunisia,20,ES Tunis (TUN),FW,CHAALELI Ghaylen,1994-02-28,CHAALELI,179,70
710,Tunisia,21,Zamalek (EGY),DF,NAGUEZ Hamdi,1992-10-28,NAGUEZ,186,75
711,Tunisia,22,LB Chateauroux (FRA),GK,HASSEN Mouez,1995-05-03,HASSEN,186,70
712,Tunisia,23,Dijon FCO (FRA),FW,SLITI Naim,1992-07-27,SLITI,173,65
713,Uruguay,1,Galatasaray SK (TUR),GK,MUSLERA Fernando,1986-06-16,F. MUSLERA,190,74
714,Uruguay,2,Atletico Madrid (ESP),DF,GIMENEZ Jose,1995-01-20,J.M. GIMENEZ,185,77
715,Uruguay,3,Atletico Madrid (ESP),DF,GODIN Diego,1986-02-16,D. GODIN,185,73
716,Uruguay,4,CA Penarol (URU),DF,VARELA Guillermo,1993-03-24,G. VARELA,173,70
717,Uruguay,5,CF Monterrey (MEX),MF,SANCHEZ Carlos,1984-02-12,C. SANCHEZ,171,74
718,Uruguay,6,Juventus FC (ITA),MF,BENTANCUR Rodrigo,1997-06-25,R. BENTANCUR,187,73
719,Uruguay,7,CA Penarol (URU),MF,RODRIGUEZ Cristian,1985-09-30,C. RODRIGUEZ,178,79
720,Uruguay,8,CA Boca Juniors (ARG),MF,NANDEZ Nahitan,1995-12-28,N. NANDEZ,171,61
721,Uruguay,9,FC Barcelona (ESP),FW,SUAREZ Luis,1987-01-24,L. SUAREZ,182,85
722,Uruguay,10,Cruzeiro EC (BRA),FW,DE ARRASCAETA Giorgian,1994-01-06,G. DE ARRASCAETA,172,64
723,Uruguay,11,Girona FC (ESP),FW,STUANI Cristhian,1986-12-10,C. STUANI,186,78
724,Uruguay,12,CA Independiente (ARG),GK,CAMPANA Martin,1989-05-29,M. CAMPAÑA,184,79
725,Uruguay,13,CA Independiente (ARG),DF,SILVA Gaston,1994-05-03,G. SILVA,185,74
726,Uruguay,14,UC Sampdoria (ITA),MF,TORREIRA Lucas,1996-11-02,L. TORREIRA,168,61
727,Uruguay,15,FC Internazionale (ITA),MF,VECINO Matias,1991-08-24,M. VECINO,189,80
728,Uruguay,16,FC Porto (POR),DF,PEREIRA Maximiliano,1984-08-06,M. PEREIRA,173,73
729,Uruguay,17,Genoa CFC (ITA),MF,LAXALT Diego,1993-07-02,D. LAXALT,178,66
730,Uruguay,18,Celta Vigo (ESP),FW,GOMEZ Maximiliano,1996-08-14,M. GOMEZ,186,85
731,Uruguay,19,Sporting CP (POR),DF,COATES Sebastian,1990-07-10,S. COATES,196,89
732,Uruguay,20,CF Monterrey (MEX),FW,URRETAVISCAYA Jonathan,1990-03-19,J. URRETAVISCAYA,172,66
733,Uruguay,21,Paris Saint-Germain FC (FRA),FW,CAVANI Edinson,1987-02-14,E. CAVANI,188,78
734,Uruguay,22,SS Lazio (ITA),DF,CACERES Martin,1987-07-04,M. CACERES,178,75
735,Uruguay,23,CR Vasco da Gama (BRA),GK,SILVA Martin,1983-03-25,M. SILVA,187,82
